ed_dev_bin	mmwr_year	median_hosp_dev	n_weeks
Low	2022	-3.6750000000000003	2
Low	2023	-0.15000000000000002	41
Low	2024	-0.22499999999999998	46
Low	2025	-0.1	37
Low	2026	-0.2999999999999998	5
High	2022	2.1999999999999997	12
High	2023	3.5	11
High	2024	1.4500000000000002	6
High	2025	1.8000000000000003	16
High	2026	2.75	4
