exclude_last_weeks	surveillance_network	age_group	site	method	horizon_weeks	threshold_rule	threshold_value	cost_ratio_fn_to_fp	expected_cost	baseline_expected_cost	expected_cost_diff_vs_baseline	expected_cost_ratio_vs_baseline
0	FluSurv-NET	65+ yr	Overall	seasonal_naive	1	train_quantile_0.85	12.174999999999999	0.5	0.2265625	0.2265625	0.0	1.0
0	FluSurv-NET	65+ yr	Overall	seasonal_naive	1	train_quantile_0.85	12.174999999999999	1.0	0.3125	0.3125	0.0	1.0
0	FluSurv-NET	65+ yr	Overall	seasonal_naive	1	train_quantile_0.85	12.174999999999999	2.0	0.484375	0.484375	0.0	1.0
0	FluSurv-NET	65+ yr	Overall	seasonal_naive	1	train_quantile_0.85	12.174999999999999	5.0	1.0	1.0	0.0	1.0
0	FluSurv-NET	65+ yr	Overall	seasonal_naive	1	train_quantile_0.85	12.174999999999999	10.0	1.859375	1.859375	0.0	1.0
0	FluSurv-NET	65+ yr	Overall	seasonal_naive	1	train_quantile_0.90	14.55	0.5	0.19531249999999997	0.19531249999999997	0.0	1.0
0	FluSurv-NET	65+ yr	Overall	seasonal_naive	1	train_quantile_0.90	14.55	1.0	0.265625	0.265625	0.0	1.0
0	FluSurv-NET	65+ yr	Overall	seasonal_naive	1	train_quantile_0.90	14.55	2.0	0.40625	0.40625	0.0	1.0
0	FluSurv-NET	65+ yr	Overall	seasonal_naive	1	train_quantile_0.90	14.55	5.0	0.828125	0.828125	0.0	1.0
0	FluSurv-NET	65+ yr	Overall	seasonal_naive	1	train_quantile_0.90	14.55	10.0	1.53125	1.53125	0.0	1.0
0	FluSurv-NET	65+ yr	Overall	seasonal_naive	1	train_quantile_0.95	18.325	0.5	0.1796875	0.1796875	0.0	1.0
0	FluSurv-NET	65+ yr	Overall	seasonal_naive	1	train_quantile_0.95	18.325	1.0	0.25	0.25	0.0	1.0
0	FluSurv-NET	65+ yr	Overall	seasonal_naive	1	train_quantile_0.95	18.325	2.0	0.390625	0.390625	0.0	1.0
0	FluSurv-NET	65+ yr	Overall	seasonal_naive	1	train_quantile_0.95	18.325	5.0	0.8125	0.8125	0.0	1.0
0	FluSurv-NET	65+ yr	Overall	seasonal_naive	1	train_quantile_0.95	18.325	10.0	1.515625	1.515625	0.0	1.0
0	FluSurv-NET	65+ yr	Overall	seasonal_naive	2	train_quantile_0.85	12.174999999999999	0.5	0.23387096774193555	0.23387096774193555	0.0	1.0
0	FluSurv-NET	65+ yr	Overall	seasonal_naive	2	train_quantile_0.85	12.174999999999999	1.0	0.32258064516129037	0.32258064516129037	0.0	1.0
0	FluSurv-NET	65+ yr	Overall	seasonal_naive	2	train_quantile_0.85	12.174999999999999	2.0	0.5000000000000001	0.5000000000000001	0.0	1.0
0	FluSurv-NET	65+ yr	Overall	seasonal_naive	2	train_quantile_0.85	12.174999999999999	5.0	1.0322580645161292	1.0322580645161292	0.0	1.0
0	FluSurv-NET	65+ yr	Overall	seasonal_naive	2	train_quantile_0.85	12.174999999999999	10.0	1.919354838709678	1.919354838709678	0.0	1.0
0	FluSurv-NET	65+ yr	Overall	seasonal_naive	2	train_quantile_0.90	14.55	0.5	0.20161290322580644	0.20161290322580644	0.0	1.0
0	FluSurv-NET	65+ yr	Overall	seasonal_naive	2	train_quantile_0.90	14.55	1.0	0.27419354838709675	0.27419354838709675	0.0	1.0
0	FluSurv-NET	65+ yr	Overall	seasonal_naive	2	train_quantile_0.90	14.55	2.0	0.4193548387096774	0.4193548387096774	0.0	1.0
0	FluSurv-NET	65+ yr	Overall	seasonal_naive	2	train_quantile_0.90	14.55	5.0	0.8548387096774193	0.8548387096774193	0.0	1.0
0	FluSurv-NET	65+ yr	Overall	seasonal_naive	2	train_quantile_0.90	14.55	10.0	1.5806451612903225	1.5806451612903225	0.0	1.0
0	FluSurv-NET	65+ yr	Overall	seasonal_naive	2	train_quantile_0.95	18.325	0.5	0.18548387096774194	0.18548387096774194	0.0	1.0
0	FluSurv-NET	65+ yr	Overall	seasonal_naive	2	train_quantile_0.95	18.325	1.0	0.25806451612903225	0.25806451612903225	0.0	1.0
0	FluSurv-NET	65+ yr	Overall	seasonal_naive	2	train_quantile_0.95	18.325	2.0	0.4032258064516129	0.4032258064516129	0.0	1.0
0	FluSurv-NET	65+ yr	Overall	seasonal_naive	2	train_quantile_0.95	18.325	5.0	0.8387096774193548	0.8387096774193548	0.0	1.0
0	FluSurv-NET	65+ yr	Overall	seasonal_naive	2	train_quantile_0.95	18.325	10.0	1.564516129032258	1.564516129032258	0.0	1.0
0	FluSurv-NET	65+ yr	Overall	seasonal_naive	3	train_quantile_0.85	12.174999999999999	0.5	0.24166666666666667	0.24166666666666667	0.0	1.0
0	FluSurv-NET	65+ yr	Overall	seasonal_naive	3	train_quantile_0.85	12.174999999999999	1.0	0.33333333333333337	0.33333333333333337	0.0	1.0
0	FluSurv-NET	65+ yr	Overall	seasonal_naive	3	train_quantile_0.85	12.174999999999999	2.0	0.5166666666666667	0.5166666666666667	0.0	1.0
0	FluSurv-NET	65+ yr	Overall	seasonal_naive	3	train_quantile_0.85	12.174999999999999	5.0	1.0666666666666667	1.0666666666666667	0.0	1.0
0	FluSurv-NET	65+ yr	Overall	seasonal_naive	3	train_quantile_0.85	12.174999999999999	10.0	1.9833333333333334	1.9833333333333334	0.0	1.0
0	FluSurv-NET	65+ yr	Overall	seasonal_naive	3	train_quantile_0.90	14.55	0.5	0.20833333333333331	0.20833333333333331	0.0	1.0
0	FluSurv-NET	65+ yr	Overall	seasonal_naive	3	train_quantile_0.90	14.55	1.0	0.2833333333333333	0.2833333333333333	0.0	1.0
0	FluSurv-NET	65+ yr	Overall	seasonal_naive	3	train_quantile_0.90	14.55	2.0	0.4333333333333333	0.4333333333333333	0.0	1.0
0	FluSurv-NET	65+ yr	Overall	seasonal_naive	3	train_quantile_0.90	14.55	5.0	0.8833333333333333	0.8833333333333333	0.0	1.0
0	FluSurv-NET	65+ yr	Overall	seasonal_naive	3	train_quantile_0.90	14.55	10.0	1.6333333333333333	1.6333333333333333	0.0	1.0
0	FluSurv-NET	65+ yr	Overall	seasonal_naive	3	train_quantile_0.95	18.325	0.5	0.19166666666666665	0.19166666666666665	0.0	1.0
0	FluSurv-NET	65+ yr	Overall	seasonal_naive	3	train_quantile_0.95	18.325	1.0	0.26666666666666666	0.26666666666666666	0.0	1.0
0	FluSurv-NET	65+ yr	Overall	seasonal_naive	3	train_quantile_0.95	18.325	2.0	0.41666666666666663	0.41666666666666663	0.0	1.0
0	FluSurv-NET	65+ yr	Overall	seasonal_naive	3	train_quantile_0.95	18.325	5.0	0.8666666666666667	0.8666666666666667	0.0	1.0
0	FluSurv-NET	65+ yr	Overall	seasonal_naive	3	train_quantile_0.95	18.325	10.0	1.6166666666666667	1.6166666666666667	0.0	1.0
0	FluSurv-NET	65+ yr	Overall	seasonal_naive	4	train_quantile_0.85	12.174999999999999	0.5	0.25	0.25	0.0	1.0
0	FluSurv-NET	65+ yr	Overall	seasonal_naive	4	train_quantile_0.85	12.174999999999999	1.0	0.3448275862068966	0.3448275862068966	0.0	1.0
0	FluSurv-NET	65+ yr	Overall	seasonal_naive	4	train_quantile_0.85	12.174999999999999	2.0	0.5344827586206897	0.5344827586206897	0.0	1.0
0	FluSurv-NET	65+ yr	Overall	seasonal_naive	4	train_quantile_0.85	12.174999999999999	5.0	1.1034482758620692	1.1034482758620692	0.0	1.0
0	FluSurv-NET	65+ yr	Overall	seasonal_naive	4	train_quantile_0.85	12.174999999999999	10.0	2.0517241379310347	2.0517241379310347	0.0	1.0
0	FluSurv-NET	65+ yr	Overall	seasonal_naive	4	train_quantile_0.90	14.55	0.5	0.21551724137931033	0.21551724137931033	0.0	1.0
0	FluSurv-NET	65+ yr	Overall	seasonal_naive	4	train_quantile_0.90	14.55	1.0	0.2931034482758621	0.2931034482758621	0.0	1.0
0	FluSurv-NET	65+ yr	Overall	seasonal_naive	4	train_quantile_0.90	14.55	2.0	0.4482758620689655	0.4482758620689655	0.0	1.0
0	FluSurv-NET	65+ yr	Overall	seasonal_naive	4	train_quantile_0.90	14.55	5.0	0.9137931034482758	0.9137931034482758	0.0	1.0
0	FluSurv-NET	65+ yr	Overall	seasonal_naive	4	train_quantile_0.90	14.55	10.0	1.6896551724137931	1.6896551724137931	0.0	1.0
0	FluSurv-NET	65+ yr	Overall	seasonal_naive	4	train_quantile_0.95	18.325	0.5	0.1982758620689655	0.1982758620689655	0.0	1.0
0	FluSurv-NET	65+ yr	Overall	seasonal_naive	4	train_quantile_0.95	18.325	1.0	0.27586206896551724	0.27586206896551724	0.0	1.0
0	FluSurv-NET	65+ yr	Overall	seasonal_naive	4	train_quantile_0.95	18.325	2.0	0.43103448275862066	0.43103448275862066	0.0	1.0
0	FluSurv-NET	65+ yr	Overall	seasonal_naive	4	train_quantile_0.95	18.325	5.0	0.896551724137931	0.896551724137931	0.0	1.0
0	FluSurv-NET	65+ yr	Overall	seasonal_naive	4	train_quantile_0.95	18.325	10.0	1.6724137931034482	1.6724137931034482	0.0	1.0
0	FluSurv-NET	65+ yr	Overall	ridge_univariate	1	train_quantile_0.85	12.174999999999999	0.5	0.02419354838709677	0.23387096774193555	-0.20967741935483877	0.10344827586206892
0	FluSurv-NET	65+ yr	Overall	ridge_univariate	1	train_quantile_0.85	12.174999999999999	1.0	0.04838709677419354	0.32258064516129037	-0.2741935483870968	0.14999999999999994
0	FluSurv-NET	65+ yr	Overall	ridge_univariate	1	train_quantile_0.85	12.174999999999999	2.0	0.09677419354838708	0.5000000000000001	-0.40322580645161304	0.1935483870967741
0	FluSurv-NET	65+ yr	Overall	ridge_univariate	1	train_quantile_0.85	12.174999999999999	5.0	0.2419354838709677	1.0322580645161292	-0.7903225806451615	0.23437499999999992
0	FluSurv-NET	65+ yr	Overall	ridge_univariate	1	train_quantile_0.85	12.174999999999999	10.0	0.4838709677419354	1.919354838709678	-1.4354838709677424	0.25210084033613434
0	FluSurv-NET	65+ yr	Overall	ridge_univariate	1	train_quantile_0.90	14.55	0.5	0.04032258064516128	0.20161290322580644	-0.16129032258064516	0.19999999999999998
0	FluSurv-NET	65+ yr	Overall	ridge_univariate	1	train_quantile_0.90	14.55	1.0	0.06451612903225805	0.27419354838709675	-0.2096774193548387	0.2352941176470588
0	FluSurv-NET	65+ yr	Overall	ridge_univariate	1	train_quantile_0.90	14.55	2.0	0.1129032258064516	0.4193548387096774	-0.30645161290322576	0.2692307692307692
0	FluSurv-NET	65+ yr	Overall	ridge_univariate	1	train_quantile_0.90	14.55	5.0	0.25806451612903225	0.8548387096774193	-0.596774193548387	0.30188679245283023
0	FluSurv-NET	65+ yr	Overall	ridge_univariate	1	train_quantile_0.90	14.55	10.0	0.5	1.5806451612903225	-1.0806451612903225	0.3163265306122449
0	FluSurv-NET	65+ yr	Overall	ridge_univariate	1	train_quantile_0.95	18.325	0.5	0.07258064516129029	0.18548387096774194	-0.11290322580645165	0.39130434782608675
0	FluSurv-NET	65+ yr	Overall	ridge_univariate	1	train_quantile_0.95	18.325	1.0	0.11290322580645157	0.25806451612903225	-0.14516129032258068	0.43749999999999983
0	FluSurv-NET	65+ yr	Overall	ridge_univariate	1	train_quantile_0.95	18.325	2.0	0.19354838709677413	0.4032258064516129	-0.20967741935483875	0.47999999999999987
0	FluSurv-NET	65+ yr	Overall	ridge_univariate	1	train_quantile_0.95	18.325	5.0	0.4354838709677418	0.8387096774193548	-0.40322580645161293	0.5192307692307692
0	FluSurv-NET	65+ yr	Overall	ridge_univariate	1	train_quantile_0.95	18.325	10.0	0.8387096774193546	1.564516129032258	-0.7258064516129034	0.536082474226804
0	FluSurv-NET	65+ yr	Overall	ridge_univariate	2	train_quantile_0.85	12.174999999999999	0.5	0.07500000000000004	0.24166666666666667	-0.16666666666666663	0.3103448275862071
0	FluSurv-NET	65+ yr	Overall	ridge_univariate	2	train_quantile_0.85	12.174999999999999	1.0	0.1166666666666667	0.33333333333333337	-0.21666666666666667	0.35000000000000003
0	FluSurv-NET	65+ yr	Overall	ridge_univariate	2	train_quantile_0.85	12.174999999999999	2.0	0.2	0.5166666666666667	-0.3166666666666667	0.3870967741935484
0	FluSurv-NET	65+ yr	Overall	ridge_univariate	2	train_quantile_0.85	12.174999999999999	5.0	0.45	1.0666666666666667	-0.6166666666666667	0.421875
0	FluSurv-NET	65+ yr	Overall	ridge_univariate	2	train_quantile_0.85	12.174999999999999	10.0	0.8666666666666666	1.9833333333333334	-1.1166666666666667	0.43697478991596633
0	FluSurv-NET	65+ yr	Overall	ridge_univariate	2	train_quantile_0.90	14.55	0.5	0.08333333333333331	0.20833333333333331	-0.125	0.39999999999999997
0	FluSurv-NET	65+ yr	Overall	ridge_univariate	2	train_quantile_0.90	14.55	1.0	0.1333333333333333	0.2833333333333333	-0.15000000000000002	0.47058823529411753
0	FluSurv-NET	65+ yr	Overall	ridge_univariate	2	train_quantile_0.90	14.55	2.0	0.2333333333333333	0.4333333333333333	-0.19999999999999998	0.5384615384615384
0	FluSurv-NET	65+ yr	Overall	ridge_univariate	2	train_quantile_0.90	14.55	5.0	0.5333333333333333	0.8833333333333333	-0.35	0.6037735849056604
0	FluSurv-NET	65+ yr	Overall	ridge_univariate	2	train_quantile_0.90	14.55	10.0	1.0333333333333332	1.6333333333333333	-0.6000000000000001	0.6326530612244897
0	FluSurv-NET	65+ yr	Overall	ridge_univariate	2	train_quantile_0.95	18.325	0.5	0.12500000000000006	0.19166666666666665	-0.0666666666666666	0.6521739130434786
0	FluSurv-NET	65+ yr	Overall	ridge_univariate	2	train_quantile_0.95	18.325	1.0	0.18333333333333338	0.26666666666666666	-0.08333333333333329	0.6875000000000002
0	FluSurv-NET	65+ yr	Overall	ridge_univariate	2	train_quantile_0.95	18.325	2.0	0.30000000000000004	0.41666666666666663	-0.11666666666666659	0.7200000000000002
0	FluSurv-NET	65+ yr	Overall	ridge_univariate	2	train_quantile_0.95	18.325	5.0	0.6500000000000001	0.8666666666666667	-0.21666666666666656	0.7500000000000001
0	FluSurv-NET	65+ yr	Overall	ridge_univariate	2	train_quantile_0.95	18.325	10.0	1.2333333333333334	1.6166666666666667	-0.3833333333333333	0.7628865979381444
0	FluSurv-NET	65+ yr	Overall	ridge_univariate	3	train_quantile_0.85	12.174999999999999	0.5	0.11206896551724135	0.25	-0.13793103448275865	0.4482758620689654
0	FluSurv-NET	65+ yr	Overall	ridge_univariate	3	train_quantile_0.85	12.174999999999999	1.0	0.17241379310344823	0.3448275862068966	-0.17241379310344834	0.49999999999999983
0	FluSurv-NET	65+ yr	Overall	ridge_univariate	3	train_quantile_0.85	12.174999999999999	2.0	0.29310344827586204	0.5344827586206897	-0.24137931034482768	0.5483870967741934
0	FluSurv-NET	65+ yr	Overall	ridge_univariate	3	train_quantile_0.85	12.174999999999999	5.0	0.6551724137931034	1.1034482758620692	-0.44827586206896575	0.5937499999999999
0	FluSurv-NET	65+ yr	Overall	ridge_univariate	3	train_quantile_0.85	12.174999999999999	10.0	1.2586206896551724	2.0517241379310347	-0.7931034482758623	0.6134453781512604
0	FluSurv-NET	65+ yr	Overall	ridge_univariate	3	train_quantile_0.90	14.55	0.5	0.12068965517241377	0.21551724137931033	-0.09482758620689656	0.5599999999999999
0	FluSurv-NET	65+ yr	Overall	ridge_univariate	3	train_quantile_0.90	14.55	1.0	0.1896551724137931	0.2931034482758621	-0.103448275862069	0.6470588235294117
0	FluSurv-NET	65+ yr	Overall	ridge_univariate	3	train_quantile_0.90	14.55	2.0	0.3275862068965517	0.4482758620689655	-0.12068965517241381	0.7307692307692307
0	FluSurv-NET	65+ yr	Overall	ridge_univariate	3	train_quantile_0.90	14.55	5.0	0.7413793103448276	0.9137931034482758	-0.17241379310344818	0.8113207547169812
0	FluSurv-NET	65+ yr	Overall	ridge_univariate	3	train_quantile_0.90	14.55	10.0	1.4310344827586208	1.6896551724137931	-0.2586206896551724	0.8469387755102041
0	FluSurv-NET	65+ yr	Overall	ridge_univariate	3	train_quantile_0.95	18.325	0.5	0.15517241379310348	0.1982758620689655	-0.043103448275862016	0.7826086956521742
0	FluSurv-NET	65+ yr	Overall	ridge_univariate	3	train_quantile_0.95	18.325	1.0	0.24137931034482762	0.27586206896551724	-0.03448275862068961	0.8750000000000001
0	FluSurv-NET	65+ yr	Overall	ridge_univariate	3	train_quantile_0.95	18.325	2.0	0.4137931034482759	0.43103448275862066	-0.01724137931034475	0.9600000000000002
0	FluSurv-NET	65+ yr	Overall	ridge_univariate	3	train_quantile_0.95	18.325	5.0	0.9310344827586208	0.896551724137931	0.034482758620689724	1.0384615384615385
0	FluSurv-NET	65+ yr	Overall	ridge_univariate	3	train_quantile_0.95	18.325	10.0	1.793103448275862	1.6724137931034482	0.12068965517241392	1.0721649484536084
0	FluSurv-NET	65+ yr	Overall	ridge_univariate	4	train_quantile_0.85	12.174999999999999	0.5	0.13392857142857145	0.2589285714285714	-0.12499999999999994	0.517241379310345
0	FluSurv-NET	65+ yr	Overall	ridge_univariate	4	train_quantile_0.85	12.174999999999999	1.0	0.2142857142857143	0.35714285714285715	-0.14285714285714285	0.6
0	FluSurv-NET	65+ yr	Overall	ridge_univariate	4	train_quantile_0.85	12.174999999999999	2.0	0.37500000000000006	0.5535714285714286	-0.17857142857142855	0.6774193548387097
0	FluSurv-NET	65+ yr	Overall	ridge_univariate	4	train_quantile_0.85	12.174999999999999	5.0	0.8571428571428572	1.1428571428571428	-0.2857142857142856	0.7500000000000001
0	FluSurv-NET	65+ yr	Overall	ridge_univariate	4	train_quantile_0.85	12.174999999999999	10.0	1.6607142857142858	2.125	-0.4642857142857142	0.7815126050420168
0	FluSurv-NET	65+ yr	Overall	ridge_univariate	4	train_quantile_0.90	14.55	0.5	0.16964285714285712	0.22321428571428567	-0.05357142857142855	0.76
0	FluSurv-NET	65+ yr	Overall	ridge_univariate	4	train_quantile_0.90	14.55	1.0	0.26785714285714285	0.3035714285714285	-0.03571428571428564	0.8823529411764708
0	FluSurv-NET	65+ yr	Overall	ridge_univariate	4	train_quantile_0.90	14.55	2.0	0.46428571428571425	0.4642857142857142	5.551115123125783e-17	1.0000000000000002
0	FluSurv-NET	65+ yr	Overall	ridge_univariate	4	train_quantile_0.90	14.55	5.0	1.0535714285714286	0.9464285714285713	0.10714285714285732	1.1132075471698115
0	FluSurv-NET	65+ yr	Overall	ridge_univariate	4	train_quantile_0.90	14.55	10.0	2.0357142857142856	1.7499999999999998	0.2857142857142858	1.1632653061224492
0	FluSurv-NET	65+ yr	Overall	ridge_univariate	4	train_quantile_0.95	18.325	0.5	0.16964285714285715	0.20535714285714282	-0.03571428571428567	0.8260869565217394
0	FluSurv-NET	65+ yr	Overall	ridge_univariate	4	train_quantile_0.95	18.325	1.0	0.26785714285714285	0.2857142857142857	-0.01785714285714285	0.9375
0	FluSurv-NET	65+ yr	Overall	ridge_univariate	4	train_quantile_0.95	18.325	2.0	0.4642857142857143	0.4464285714285714	0.017857142857142905	1.04
0	FluSurv-NET	65+ yr	Overall	ridge_univariate	4	train_quantile_0.95	18.325	5.0	1.0535714285714286	0.9285714285714285	0.1250000000000001	1.1346153846153848
0	FluSurv-NET	65+ yr	Overall	ridge_univariate	4	train_quantile_0.95	18.325	10.0	2.0357142857142856	1.732142857142857	0.3035714285714286	1.175257731958763
0	FluSurv-NET	65+ yr	Overall	ridge_with_ed	1	train_quantile_0.85	12.174999999999999	0.5	0.042372881355932215	0.24576271186440674	-0.20338983050847453	0.17241379310344834
0	FluSurv-NET	65+ yr	Overall	ridge_with_ed	1	train_quantile_0.85	12.174999999999999	1.0	0.06779661016949153	0.3389830508474576	-0.2711864406779661	0.2
0	FluSurv-NET	65+ yr	Overall	ridge_with_ed	1	train_quantile_0.85	12.174999999999999	2.0	0.11864406779661016	0.5254237288135594	-0.4067796610169492	0.2258064516129032
0	FluSurv-NET	65+ yr	Overall	ridge_with_ed	1	train_quantile_0.85	12.174999999999999	5.0	0.27118644067796605	1.0847457627118646	-0.8135593220338986	0.2499999999999999
0	FluSurv-NET	65+ yr	Overall	ridge_with_ed	1	train_quantile_0.85	12.174999999999999	10.0	0.5254237288135593	2.0169491525423733	-1.491525423728814	0.2605042016806722
0	FluSurv-NET	65+ yr	Overall	ridge_with_ed	1	train_quantile_0.90	14.55	0.5	0.042372881355932236	0.211864406779661	-0.16949152542372878	0.20000000000000018
0	FluSurv-NET	65+ yr	Overall	ridge_with_ed	1	train_quantile_0.90	14.55	1.0	0.06779661016949157	0.288135593220339	-0.22033898305084743	0.23529411764705896
0	FluSurv-NET	65+ yr	Overall	ridge_with_ed	1	train_quantile_0.90	14.55	2.0	0.11864406779661021	0.44067796610169496	-0.3220338983050848	0.26923076923076933
0	FluSurv-NET	65+ yr	Overall	ridge_with_ed	1	train_quantile_0.90	14.55	5.0	0.2711864406779661	0.8983050847457628	-0.6271186440677967	0.3018867924528302
0	FluSurv-NET	65+ yr	Overall	ridge_with_ed	1	train_quantile_0.90	14.55	10.0	0.5254237288135594	1.6610169491525426	-1.1355932203389831	0.31632653061224486
0	FluSurv-NET	65+ yr	Overall	ridge_with_ed	1	train_quantile_0.95	18.325	0.5	0.07627118644067793	0.19491525423728812	-0.11864406779661019	0.3913043478260868
0	FluSurv-NET	65+ yr	Overall	ridge_with_ed	1	train_quantile_0.95	18.325	1.0	0.11864406779661013	0.2711864406779661	-0.15254237288135597	0.43749999999999983
0	FluSurv-NET	65+ yr	Overall	ridge_with_ed	1	train_quantile_0.95	18.325	2.0	0.20338983050847453	0.423728813559322	-0.22033898305084748	0.4799999999999999
0	FluSurv-NET	65+ yr	Overall	ridge_with_ed	1	train_quantile_0.95	18.325	5.0	0.45762711864406774	0.8813559322033898	-0.42372881355932207	0.5192307692307692
0	FluSurv-NET	65+ yr	Overall	ridge_with_ed	1	train_quantile_0.95	18.325	10.0	0.8813559322033897	1.6440677966101693	-0.7627118644067796	0.5360824742268041
0	FluSurv-NET	65+ yr	Overall	ridge_with_ed	2	train_quantile_0.85	12.174999999999999	0.5	0.09482758620689652	0.25	-0.15517241379310348	0.3793103448275861
0	FluSurv-NET	65+ yr	Overall	ridge_with_ed	2	train_quantile_0.85	12.174999999999999	1.0	0.1379310344827586	0.3448275862068966	-0.20689655172413798	0.3999999999999999
0	FluSurv-NET	65+ yr	Overall	ridge_with_ed	2	train_quantile_0.85	12.174999999999999	2.0	0.22413793103448273	0.5344827586206897	-0.31034482758620696	0.4193548387096773
0	FluSurv-NET	65+ yr	Overall	ridge_with_ed	2	train_quantile_0.85	12.174999999999999	5.0	0.4827586206896552	1.1034482758620692	-0.6206896551724139	0.43749999999999994
0	FluSurv-NET	65+ yr	Overall	ridge_with_ed	2	train_quantile_0.85	12.174999999999999	10.0	0.9137931034482759	2.0517241379310347	-1.137931034482759	0.4453781512605042
0	FluSurv-NET	65+ yr	Overall	ridge_with_ed	2	train_quantile_0.90	14.55	0.5	0.11206896551724138	0.21551724137931033	-0.10344827586206895	0.52
0	FluSurv-NET	65+ yr	Overall	ridge_with_ed	2	train_quantile_0.90	14.55	1.0	0.15517241379310345	0.2931034482758621	-0.13793103448275865	0.5294117647058824
0	FluSurv-NET	65+ yr	Overall	ridge_with_ed	2	train_quantile_0.90	14.55	2.0	0.2413793103448276	0.4482758620689655	-0.20689655172413793	0.5384615384615384
0	FluSurv-NET	65+ yr	Overall	ridge_with_ed	2	train_quantile_0.90	14.55	5.0	0.5	0.9137931034482758	-0.4137931034482758	0.5471698113207547
0	FluSurv-NET	65+ yr	Overall	ridge_with_ed	2	train_quantile_0.90	14.55	10.0	0.9310344827586208	1.6896551724137931	-0.7586206896551724	0.5510204081632654
0	FluSurv-NET	65+ yr	Overall	ridge_with_ed	2	train_quantile_0.95	18.325	0.5	0.12931034482758622	0.1982758620689655	-0.06896551724137928	0.6521739130434784
0	FluSurv-NET	65+ yr	Overall	ridge_with_ed	2	train_quantile_0.95	18.325	1.0	0.18965517241379312	0.27586206896551724	-0.08620689655172412	0.6875000000000001
0	FluSurv-NET	65+ yr	Overall	ridge_with_ed	2	train_quantile_0.95	18.325	2.0	0.3103448275862069	0.43103448275862066	-0.12068965517241376	0.7200000000000001
0	FluSurv-NET	65+ yr	Overall	ridge_with_ed	2	train_quantile_0.95	18.325	5.0	0.6724137931034483	0.896551724137931	-0.22413793103448276	0.75
0	FluSurv-NET	65+ yr	Overall	ridge_with_ed	2	train_quantile_0.95	18.325	10.0	1.2758620689655171	1.6724137931034482	-0.39655172413793105	0.7628865979381443
0	FluSurv-NET	65+ yr	Overall	ridge_with_ed	3	train_quantile_0.85	12.174999999999999	0.5	0.12280701754385967	0.25438596491228066	-0.131578947368421	0.48275862068965536
0	FluSurv-NET	65+ yr	Overall	ridge_with_ed	3	train_quantile_0.85	12.174999999999999	1.0	0.2105263157894737	0.3508771929824561	-0.14035087719298242	0.6000000000000001
0	FluSurv-NET	65+ yr	Overall	ridge_with_ed	3	train_quantile_0.85	12.174999999999999	2.0	0.38596491228070173	0.543859649122807	-0.1578947368421053	0.7096774193548386
0	FluSurv-NET	65+ yr	Overall	ridge_with_ed	3	train_quantile_0.85	12.174999999999999	5.0	0.9122807017543859	1.1228070175438598	-0.2105263157894739	0.8124999999999999
0	FluSurv-NET	65+ yr	Overall	ridge_with_ed	3	train_quantile_0.85	12.174999999999999	10.0	1.7894736842105263	2.0877192982456143	-0.298245614035088	0.857142857142857
0	FluSurv-NET	65+ yr	Overall	ridge_with_ed	3	train_quantile_0.90	14.55	0.5	0.12280701754385967	0.21929824561403505	-0.09649122807017538	0.5600000000000002
0	FluSurv-NET	65+ yr	Overall	ridge_with_ed	3	train_quantile_0.90	14.55	1.0	0.2105263157894737	0.29824561403508765	-0.08771929824561395	0.7058823529411767
0	FluSurv-NET	65+ yr	Overall	ridge_with_ed	3	train_quantile_0.90	14.55	2.0	0.3859649122807018	0.45614035087719296	-0.07017543859649117	0.8461538461538463
0	FluSurv-NET	65+ yr	Overall	ridge_with_ed	3	train_quantile_0.90	14.55	5.0	0.9122807017543859	0.9298245614035088	-0.01754385964912286	0.981132075471698
0	FluSurv-NET	65+ yr	Overall	ridge_with_ed	3	train_quantile_0.90	14.55	10.0	1.7894736842105263	1.719298245614035	0.07017543859649122	1.0408163265306123
0	FluSurv-NET	65+ yr	Overall	ridge_with_ed	3	train_quantile_0.95	18.325	0.5	0.17543859649122812	0.20175438596491224	-0.026315789473684126	0.8695652173913048
0	FluSurv-NET	65+ yr	Overall	ridge_with_ed	3	train_quantile_0.95	18.325	1.0	0.28070175438596495	0.28070175438596484	1.1102230246251565e-16	1.0000000000000004
0	FluSurv-NET	65+ yr	Overall	ridge_with_ed	3	train_quantile_0.95	18.325	2.0	0.4912280701754387	0.4385964912280701	0.052631578947368585	1.1200000000000003
0	FluSurv-NET	65+ yr	Overall	ridge_with_ed	3	train_quantile_0.95	18.325	5.0	1.1228070175438598	0.9122807017543857	0.21052631578947412	1.2307692307692313
0	FluSurv-NET	65+ yr	Overall	ridge_with_ed	3	train_quantile_0.95	18.325	10.0	2.1754385964912286	1.7017543859649118	0.4736842105263168	1.2783505154639183
0	FluSurv-NET	65+ yr	Overall	ridge_with_ed	4	train_quantile_0.85	12.174999999999999	0.5	0.22321428571428575	0.2589285714285714	-0.03571428571428564	0.8620689655172417
0	FluSurv-NET	65+ yr	Overall	ridge_with_ed	4	train_quantile_0.85	12.174999999999999	1.0	0.3392857142857143	0.35714285714285715	-0.01785714285714285	0.9500000000000001
0	FluSurv-NET	65+ yr	Overall	ridge_with_ed	4	train_quantile_0.85	12.174999999999999	2.0	0.5714285714285715	0.5535714285714286	0.017857142857142905	1.0322580645161292
0	FluSurv-NET	65+ yr	Overall	ridge_with_ed	4	train_quantile_0.85	12.174999999999999	5.0	1.267857142857143	1.1428571428571428	0.12500000000000022	1.1093750000000002
0	FluSurv-NET	65+ yr	Overall	ridge_with_ed	4	train_quantile_0.85	12.174999999999999	10.0	2.428571428571429	2.125	0.3035714285714288	1.142857142857143
0	FluSurv-NET	65+ yr	Overall	ridge_with_ed	4	train_quantile_0.90	14.55	0.5	0.2410714285714286	0.22321428571428567	0.017857142857142932	1.0800000000000003
0	FluSurv-NET	65+ yr	Overall	ridge_with_ed	4	train_quantile_0.90	14.55	1.0	0.375	0.3035714285714285	0.07142857142857151	1.235294117647059
0	FluSurv-NET	65+ yr	Overall	ridge_with_ed	4	train_quantile_0.90	14.55	2.0	0.6428571428571429	0.4642857142857142	0.17857142857142871	1.384615384615385
0	FluSurv-NET	65+ yr	Overall	ridge_with_ed	4	train_quantile_0.90	14.55	5.0	1.4464285714285714	0.9464285714285713	0.5000000000000001	1.528301886792453
0	FluSurv-NET	65+ yr	Overall	ridge_with_ed	4	train_quantile_0.90	14.55	10.0	2.7857142857142856	1.7499999999999998	1.0357142857142858	1.5918367346938778
0	FluSurv-NET	65+ yr	Overall	ridge_with_ed	4	train_quantile_0.95	18.325	0.5	0.17857142857142855	0.20535714285714282	-0.026785714285714274	0.8695652173913044
0	FluSurv-NET	65+ yr	Overall	ridge_with_ed	4	train_quantile_0.95	18.325	1.0	0.30357142857142855	0.2857142857142857	0.01785714285714285	1.0625
0	FluSurv-NET	65+ yr	Overall	ridge_with_ed	4	train_quantile_0.95	18.325	2.0	0.5535714285714286	0.4464285714285714	0.1071428571428572	1.2400000000000002
0	FluSurv-NET	65+ yr	Overall	ridge_with_ed	4	train_quantile_0.95	18.325	5.0	1.3035714285714286	0.9285714285714285	0.3750000000000001	1.403846153846154
0	FluSurv-NET	65+ yr	Overall	ridge_with_ed	4	train_quantile_0.95	18.325	10.0	2.5535714285714284	1.732142857142857	0.8214285714285714	1.4742268041237114
0	FluSurv-NET	65+ yr	Overall	ridge_with_signals	1	train_quantile_0.85	12.174999999999999	0.5	0.07258064516129036	0.23387096774193555	-0.16129032258064518	0.31034482758620696
0	FluSurv-NET	65+ yr	Overall	ridge_with_signals	1	train_quantile_0.85	12.174999999999999	1.0	0.09677419354838712	0.32258064516129037	-0.22580645161290325	0.30000000000000004
0	FluSurv-NET	65+ yr	Overall	ridge_with_signals	1	train_quantile_0.85	12.174999999999999	2.0	0.14516129032258068	0.5000000000000001	-0.35483870967741943	0.2903225806451613
0	FluSurv-NET	65+ yr	Overall	ridge_with_signals	1	train_quantile_0.85	12.174999999999999	5.0	0.29032258064516125	1.0322580645161292	-0.741935483870968	0.2812499999999999
0	FluSurv-NET	65+ yr	Overall	ridge_with_signals	1	train_quantile_0.85	12.174999999999999	10.0	0.532258064516129	1.919354838709678	-1.387096774193549	0.2773109243697478
0	FluSurv-NET	65+ yr	Overall	ridge_with_signals	1	train_quantile_0.90	14.55	0.5	0.04032258064516128	0.20161290322580644	-0.16129032258064516	0.19999999999999998
0	FluSurv-NET	65+ yr	Overall	ridge_with_signals	1	train_quantile_0.90	14.55	1.0	0.06451612903225805	0.27419354838709675	-0.2096774193548387	0.2352941176470588
0	FluSurv-NET	65+ yr	Overall	ridge_with_signals	1	train_quantile_0.90	14.55	2.0	0.1129032258064516	0.4193548387096774	-0.30645161290322576	0.2692307692307692
0	FluSurv-NET	65+ yr	Overall	ridge_with_signals	1	train_quantile_0.90	14.55	5.0	0.25806451612903225	0.8548387096774193	-0.596774193548387	0.30188679245283023
0	FluSurv-NET	65+ yr	Overall	ridge_with_signals	1	train_quantile_0.90	14.55	10.0	0.5	1.5806451612903225	-1.0806451612903225	0.3163265306122449
0	FluSurv-NET	65+ yr	Overall	ridge_with_signals	1	train_quantile_0.95	18.325	0.5	0.07258064516129029	0.18548387096774194	-0.11290322580645165	0.39130434782608675
0	FluSurv-NET	65+ yr	Overall	ridge_with_signals	1	train_quantile_0.95	18.325	1.0	0.11290322580645157	0.25806451612903225	-0.14516129032258068	0.43749999999999983
0	FluSurv-NET	65+ yr	Overall	ridge_with_signals	1	train_quantile_0.95	18.325	2.0	0.19354838709677413	0.4032258064516129	-0.20967741935483875	0.47999999999999987
0	FluSurv-NET	65+ yr	Overall	ridge_with_signals	1	train_quantile_0.95	18.325	5.0	0.4354838709677418	0.8387096774193548	-0.40322580645161293	0.5192307692307692
0	FluSurv-NET	65+ yr	Overall	ridge_with_signals	1	train_quantile_0.95	18.325	10.0	0.8387096774193546	1.564516129032258	-0.7258064516129034	0.536082474226804
0	FluSurv-NET	65+ yr	Overall	ridge_with_signals	2	train_quantile_0.85	12.174999999999999	0.5	0.08333333333333337	0.24166666666666667	-0.1583333333333333	0.3448275862068967
0	FluSurv-NET	65+ yr	Overall	ridge_with_signals	2	train_quantile_0.85	12.174999999999999	1.0	0.13333333333333336	0.33333333333333337	-0.2	0.4
0	FluSurv-NET	65+ yr	Overall	ridge_with_signals	2	train_quantile_0.85	12.174999999999999	2.0	0.2333333333333334	0.5166666666666667	-0.2833333333333333	0.4516129032258065
0	FluSurv-NET	65+ yr	Overall	ridge_with_signals	2	train_quantile_0.85	12.174999999999999	5.0	0.5333333333333333	1.0666666666666667	-0.5333333333333333	0.5
0	FluSurv-NET	65+ yr	Overall	ridge_with_signals	2	train_quantile_0.85	12.174999999999999	10.0	1.0333333333333334	1.9833333333333334	-0.95	0.5210084033613446
0	FluSurv-NET	65+ yr	Overall	ridge_with_signals	2	train_quantile_0.90	14.55	0.5	0.08333333333333331	0.20833333333333331	-0.125	0.39999999999999997
0	FluSurv-NET	65+ yr	Overall	ridge_with_signals	2	train_quantile_0.90	14.55	1.0	0.1333333333333333	0.2833333333333333	-0.15000000000000002	0.47058823529411753
0	FluSurv-NET	65+ yr	Overall	ridge_with_signals	2	train_quantile_0.90	14.55	2.0	0.2333333333333333	0.4333333333333333	-0.19999999999999998	0.5384615384615384
0	FluSurv-NET	65+ yr	Overall	ridge_with_signals	2	train_quantile_0.90	14.55	5.0	0.5333333333333333	0.8833333333333333	-0.35	0.6037735849056604
0	FluSurv-NET	65+ yr	Overall	ridge_with_signals	2	train_quantile_0.90	14.55	10.0	1.0333333333333332	1.6333333333333333	-0.6000000000000001	0.6326530612244897
0	FluSurv-NET	65+ yr	Overall	ridge_with_signals	2	train_quantile_0.95	18.325	0.5	0.12500000000000006	0.19166666666666665	-0.0666666666666666	0.6521739130434786
0	FluSurv-NET	65+ yr	Overall	ridge_with_signals	2	train_quantile_0.95	18.325	1.0	0.18333333333333338	0.26666666666666666	-0.08333333333333329	0.6875000000000002
0	FluSurv-NET	65+ yr	Overall	ridge_with_signals	2	train_quantile_0.95	18.325	2.0	0.30000000000000004	0.41666666666666663	-0.11666666666666659	0.7200000000000002
0	FluSurv-NET	65+ yr	Overall	ridge_with_signals	2	train_quantile_0.95	18.325	5.0	0.6500000000000001	0.8666666666666667	-0.21666666666666656	0.7500000000000001
0	FluSurv-NET	65+ yr	Overall	ridge_with_signals	2	train_quantile_0.95	18.325	10.0	1.2333333333333334	1.6166666666666667	-0.3833333333333333	0.7628865979381444
0	FluSurv-NET	65+ yr	Overall	ridge_with_signals	3	train_quantile_0.85	12.174999999999999	0.5	0.12068965517241376	0.25	-0.12931034482758624	0.482758620689655
0	FluSurv-NET	65+ yr	Overall	ridge_with_signals	3	train_quantile_0.85	12.174999999999999	1.0	0.18965517241379307	0.3448275862068966	-0.1551724137931035	0.5499999999999998
0	FluSurv-NET	65+ yr	Overall	ridge_with_signals	3	train_quantile_0.85	12.174999999999999	2.0	0.3275862068965517	0.5344827586206897	-0.206896551724138	0.6129032258064515
0	FluSurv-NET	65+ yr	Overall	ridge_with_signals	3	train_quantile_0.85	12.174999999999999	5.0	0.7413793103448276	1.1034482758620692	-0.36206896551724155	0.6718749999999999
0	FluSurv-NET	65+ yr	Overall	ridge_with_signals	3	train_quantile_0.85	12.174999999999999	10.0	1.4310344827586208	2.0517241379310347	-0.6206896551724139	0.6974789915966386
0	FluSurv-NET	65+ yr	Overall	ridge_with_signals	3	train_quantile_0.90	14.55	0.5	0.12068965517241377	0.21551724137931033	-0.09482758620689656	0.5599999999999999
0	FluSurv-NET	65+ yr	Overall	ridge_with_signals	3	train_quantile_0.90	14.55	1.0	0.1896551724137931	0.2931034482758621	-0.103448275862069	0.6470588235294117
0	FluSurv-NET	65+ yr	Overall	ridge_with_signals	3	train_quantile_0.90	14.55	2.0	0.3275862068965517	0.4482758620689655	-0.12068965517241381	0.7307692307692307
0	FluSurv-NET	65+ yr	Overall	ridge_with_signals	3	train_quantile_0.90	14.55	5.0	0.7413793103448276	0.9137931034482758	-0.17241379310344818	0.8113207547169812
0	FluSurv-NET	65+ yr	Overall	ridge_with_signals	3	train_quantile_0.90	14.55	10.0	1.4310344827586208	1.6896551724137931	-0.2586206896551724	0.8469387755102041
0	FluSurv-NET	65+ yr	Overall	ridge_with_signals	3	train_quantile_0.95	18.325	0.5	0.15517241379310348	0.1982758620689655	-0.043103448275862016	0.7826086956521742
0	FluSurv-NET	65+ yr	Overall	ridge_with_signals	3	train_quantile_0.95	18.325	1.0	0.24137931034482762	0.27586206896551724	-0.03448275862068961	0.8750000000000001
0	FluSurv-NET	65+ yr	Overall	ridge_with_signals	3	train_quantile_0.95	18.325	2.0	0.4137931034482759	0.43103448275862066	-0.01724137931034475	0.9600000000000002
0	FluSurv-NET	65+ yr	Overall	ridge_with_signals	3	train_quantile_0.95	18.325	5.0	0.9310344827586208	0.896551724137931	0.034482758620689724	1.0384615384615385
0	FluSurv-NET	65+ yr	Overall	ridge_with_signals	3	train_quantile_0.95	18.325	10.0	1.793103448275862	1.6724137931034482	0.12068965517241392	1.0721649484536084
0	FluSurv-NET	65+ yr	Overall	ridge_with_signals	4	train_quantile_0.85	12.174999999999999	0.5	0.1428571428571429	0.2589285714285714	-0.11607142857142849	0.5517241379310347
0	FluSurv-NET	65+ yr	Overall	ridge_with_signals	4	train_quantile_0.85	12.174999999999999	1.0	0.2321428571428572	0.35714285714285715	-0.12499999999999994	0.6500000000000001
0	FluSurv-NET	65+ yr	Overall	ridge_with_signals	4	train_quantile_0.85	12.174999999999999	2.0	0.4107142857142858	0.5535714285714286	-0.1428571428571428	0.7419354838709679
0	FluSurv-NET	65+ yr	Overall	ridge_with_signals	4	train_quantile_0.85	12.174999999999999	5.0	0.9464285714285716	1.1428571428571428	-0.19642857142857117	0.8281250000000002
0	FluSurv-NET	65+ yr	Overall	ridge_with_signals	4	train_quantile_0.85	12.174999999999999	10.0	1.8392857142857146	2.125	-0.28571428571428537	0.8655462184873951
0	FluSurv-NET	65+ yr	Overall	ridge_with_signals	4	train_quantile_0.90	14.55	0.5	0.17857142857142855	0.22321428571428567	-0.04464285714285712	0.8
0	FluSurv-NET	65+ yr	Overall	ridge_with_signals	4	train_quantile_0.90	14.55	1.0	0.2857142857142857	0.3035714285714285	-0.017857142857142794	0.9411764705882355
0	FluSurv-NET	65+ yr	Overall	ridge_with_signals	4	train_quantile_0.90	14.55	2.0	0.49999999999999994	0.4642857142857142	0.035714285714285754	1.076923076923077
0	FluSurv-NET	65+ yr	Overall	ridge_with_signals	4	train_quantile_0.90	14.55	5.0	1.1428571428571428	0.9464285714285713	0.1964285714285715	1.207547169811321
0	FluSurv-NET	65+ yr	Overall	ridge_with_signals	4	train_quantile_0.90	14.55	10.0	2.2142857142857144	1.7499999999999998	0.46428571428571463	1.2653061224489799
0	FluSurv-NET	65+ yr	Overall	ridge_with_signals	4	train_quantile_0.95	18.325	0.5	0.16964285714285712	0.20535714285714282	-0.0357142857142857	0.8260869565217391
0	FluSurv-NET	65+ yr	Overall	ridge_with_signals	4	train_quantile_0.95	18.325	1.0	0.2857142857142857	0.2857142857142857	0.0	1.0
0	FluSurv-NET	65+ yr	Overall	ridge_with_signals	4	train_quantile_0.95	18.325	2.0	0.5178571428571428	0.4464285714285714	0.0714285714285714	1.16
0	FluSurv-NET	65+ yr	Overall	ridge_with_signals	4	train_quantile_0.95	18.325	5.0	1.2142857142857144	0.9285714285714285	0.2857142857142859	1.307692307692308
0	FluSurv-NET	65+ yr	Overall	ridge_with_signals	4	train_quantile_0.95	18.325	10.0	2.375	1.732142857142857	0.642857142857143	1.371134020618557
0	FluSurv-NET	65+ yr	Overall	ridge_with_signals_plus_ed	1	train_quantile_0.85	12.174999999999999	0.5	0.08474576271186444	0.24576271186440674	-0.16101694915254228	0.34482758620689674
0	FluSurv-NET	65+ yr	Overall	ridge_with_signals_plus_ed	1	train_quantile_0.85	12.174999999999999	1.0	0.1355932203389831	0.3389830508474576	-0.2033898305084745	0.4000000000000002
0	FluSurv-NET	65+ yr	Overall	ridge_with_signals_plus_ed	1	train_quantile_0.85	12.174999999999999	2.0	0.2372881355932204	0.5254237288135594	-0.288135593220339	0.45161290322580655
0	FluSurv-NET	65+ yr	Overall	ridge_with_signals_plus_ed	1	train_quantile_0.85	12.174999999999999	5.0	0.5423728813559323	1.0847457627118646	-0.5423728813559323	0.5
0	FluSurv-NET	65+ yr	Overall	ridge_with_signals_plus_ed	1	train_quantile_0.85	12.174999999999999	10.0	1.050847457627119	2.0169491525423733	-0.9661016949152543	0.5210084033613446
0	FluSurv-NET	65+ yr	Overall	ridge_with_signals_plus_ed	1	train_quantile_0.90	14.55	0.5	0.06779661016949151	0.211864406779661	-0.1440677966101695	0.31999999999999995
0	FluSurv-NET	65+ yr	Overall	ridge_with_signals_plus_ed	1	train_quantile_0.90	14.55	1.0	0.10169491525423727	0.288135593220339	-0.18644067796610173	0.35294117647058815
0	FluSurv-NET	65+ yr	Overall	ridge_with_signals_plus_ed	1	train_quantile_0.90	14.55	2.0	0.1694915254237288	0.44067796610169496	-0.27118644067796616	0.3846153846153846
0	FluSurv-NET	65+ yr	Overall	ridge_with_signals_plus_ed	1	train_quantile_0.90	14.55	5.0	0.37288135593220334	0.8983050847457628	-0.5254237288135595	0.4150943396226414
0	FluSurv-NET	65+ yr	Overall	ridge_with_signals_plus_ed	1	train_quantile_0.90	14.55	10.0	0.711864406779661	1.6610169491525426	-0.9491525423728816	0.4285714285714285
0	FluSurv-NET	65+ yr	Overall	ridge_with_signals_plus_ed	1	train_quantile_0.95	18.325	0.5	0.09322033898305083	0.19491525423728812	-0.10169491525423728	0.47826086956521735
0	FluSurv-NET	65+ yr	Overall	ridge_with_signals_plus_ed	1	train_quantile_0.95	18.325	1.0	0.13559322033898302	0.2711864406779661	-0.13559322033898308	0.4999999999999999
0	FluSurv-NET	65+ yr	Overall	ridge_with_signals_plus_ed	1	train_quantile_0.95	18.325	2.0	0.22033898305084743	0.423728813559322	-0.2033898305084746	0.5199999999999999
0	FluSurv-NET	65+ yr	Overall	ridge_with_signals_plus_ed	1	train_quantile_0.95	18.325	5.0	0.47457627118644063	0.8813559322033898	-0.4067796610169492	0.5384615384615384
0	FluSurv-NET	65+ yr	Overall	ridge_with_signals_plus_ed	1	train_quantile_0.95	18.325	10.0	0.8983050847457626	1.6440677966101693	-0.7457627118644067	0.5463917525773196
0	FluSurv-NET	65+ yr	Overall	ridge_with_signals_plus_ed	2	train_quantile_0.85	12.174999999999999	0.5	0.14655172413793102	0.25	-0.10344827586206898	0.5862068965517241
0	FluSurv-NET	65+ yr	Overall	ridge_with_signals_plus_ed	2	train_quantile_0.85	12.174999999999999	1.0	0.22413793103448276	0.3448275862068966	-0.12068965517241381	0.65
0	FluSurv-NET	65+ yr	Overall	ridge_with_signals_plus_ed	2	train_quantile_0.85	12.174999999999999	2.0	0.3793103448275862	0.5344827586206897	-0.15517241379310354	0.7096774193548386
0	FluSurv-NET	65+ yr	Overall	ridge_with_signals_plus_ed	2	train_quantile_0.85	12.174999999999999	5.0	0.8448275862068966	1.1034482758620692	-0.2586206896551726	0.7656249999999999
0	FluSurv-NET	65+ yr	Overall	ridge_with_signals_plus_ed	2	train_quantile_0.85	12.174999999999999	10.0	1.6206896551724137	2.0517241379310347	-0.431034482758621	0.7899159663865545
0	FluSurv-NET	65+ yr	Overall	ridge_with_signals_plus_ed	2	train_quantile_0.90	14.55	0.5	0.14655172413793105	0.21551724137931033	-0.06896551724137928	0.6800000000000002
0	FluSurv-NET	65+ yr	Overall	ridge_with_signals_plus_ed	2	train_quantile_0.90	14.55	1.0	0.22413793103448276	0.2931034482758621	-0.06896551724137934	0.7647058823529411
0	FluSurv-NET	65+ yr	Overall	ridge_with_signals_plus_ed	2	train_quantile_0.90	14.55	2.0	0.3793103448275862	0.4482758620689655	-0.06896551724137934	0.8461538461538461
0	FluSurv-NET	65+ yr	Overall	ridge_with_signals_plus_ed	2	train_quantile_0.90	14.55	5.0	0.8448275862068966	0.9137931034482758	-0.06896551724137923	0.9245283018867926
0	FluSurv-NET	65+ yr	Overall	ridge_with_signals_plus_ed	2	train_quantile_0.90	14.55	10.0	1.6206896551724137	1.6896551724137931	-0.06896551724137945	0.9591836734693877
0	FluSurv-NET	65+ yr	Overall	ridge_with_signals_plus_ed	2	train_quantile_0.95	18.325	0.5	0.14655172413793105	0.1982758620689655	-0.05172413793103445	0.7391304347826089
0	FluSurv-NET	65+ yr	Overall	ridge_with_signals_plus_ed	2	train_quantile_0.95	18.325	1.0	0.22413793103448276	0.27586206896551724	-0.051724137931034475	0.8125
0	FluSurv-NET	65+ yr	Overall	ridge_with_signals_plus_ed	2	train_quantile_0.95	18.325	2.0	0.37931034482758624	0.43103448275862066	-0.05172413793103442	0.8800000000000001
0	FluSurv-NET	65+ yr	Overall	ridge_with_signals_plus_ed	2	train_quantile_0.95	18.325	5.0	0.8448275862068966	0.896551724137931	-0.051724137931034475	0.9423076923076923
0	FluSurv-NET	65+ yr	Overall	ridge_with_signals_plus_ed	2	train_quantile_0.95	18.325	10.0	1.6206896551724137	1.6724137931034482	-0.051724137931034475	0.9690721649484536
0	FluSurv-NET	65+ yr	Overall	ridge_with_signals_plus_ed	3	train_quantile_0.85	12.174999999999999	0.5	0.14912280701754382	0.25438596491228066	-0.10526315789473684	0.5862068965517241
0	FluSurv-NET	65+ yr	Overall	ridge_with_signals_plus_ed	3	train_quantile_0.85	12.174999999999999	1.0	0.24561403508771928	0.3508771929824561	-0.10526315789473684	0.7
0	FluSurv-NET	65+ yr	Overall	ridge_with_signals_plus_ed	3	train_quantile_0.85	12.174999999999999	2.0	0.4385964912280702	0.543859649122807	-0.10526315789473684	0.8064516129032259
0	FluSurv-NET	65+ yr	Overall	ridge_with_signals_plus_ed	3	train_quantile_0.85	12.174999999999999	5.0	1.0175438596491229	1.1228070175438598	-0.10526315789473695	0.9062499999999999
0	FluSurv-NET	65+ yr	Overall	ridge_with_signals_plus_ed	3	train_quantile_0.85	12.174999999999999	10.0	1.9824561403508774	2.0877192982456143	-0.10526315789473695	0.9495798319327731
0	FluSurv-NET	65+ yr	Overall	ridge_with_signals_plus_ed	3	train_quantile_0.90	14.55	0.5	0.13157894736842107	0.21929824561403505	-0.08771929824561397	0.6000000000000002
0	FluSurv-NET	65+ yr	Overall	ridge_with_signals_plus_ed	3	train_quantile_0.90	14.55	1.0	0.2280701754385965	0.29824561403508765	-0.07017543859649114	0.7647058823529415
0	FluSurv-NET	65+ yr	Overall	ridge_with_signals_plus_ed	3	train_quantile_0.90	14.55	2.0	0.4210526315789474	0.45614035087719296	-0.03508771929824556	0.9230769230769232
0	FluSurv-NET	65+ yr	Overall	ridge_with_signals_plus_ed	3	train_quantile_0.90	14.55	5.0	0.9999999999999999	0.9298245614035088	0.07017543859649111	1.0754716981132075
0	FluSurv-NET	65+ yr	Overall	ridge_with_signals_plus_ed	3	train_quantile_0.90	14.55	10.0	1.9649122807017543	1.719298245614035	0.24561403508771917	1.1428571428571428
0	FluSurv-NET	65+ yr	Overall	ridge_with_signals_plus_ed	3	train_quantile_0.95	18.325	0.5	0.17543859649122812	0.20175438596491224	-0.026315789473684126	0.8695652173913048
0	FluSurv-NET	65+ yr	Overall	ridge_with_signals_plus_ed	3	train_quantile_0.95	18.325	1.0	0.28070175438596495	0.28070175438596484	1.1102230246251565e-16	1.0000000000000004
0	FluSurv-NET	65+ yr	Overall	ridge_with_signals_plus_ed	3	train_quantile_0.95	18.325	2.0	0.4912280701754387	0.4385964912280701	0.052631578947368585	1.1200000000000003
0	FluSurv-NET	65+ yr	Overall	ridge_with_signals_plus_ed	3	train_quantile_0.95	18.325	5.0	1.1228070175438598	0.9122807017543857	0.21052631578947412	1.2307692307692313
0	FluSurv-NET	65+ yr	Overall	ridge_with_signals_plus_ed	3	train_quantile_0.95	18.325	10.0	2.1754385964912286	1.7017543859649118	0.4736842105263168	1.2783505154639183
0	FluSurv-NET	65+ yr	Overall	ridge_with_signals_plus_ed	4	train_quantile_0.85	12.174999999999999	0.5	0.16071428571428575	0.2589285714285714	-0.09821428571428564	0.620689655172414
0	FluSurv-NET	65+ yr	Overall	ridge_with_signals_plus_ed	4	train_quantile_0.85	12.174999999999999	1.0	0.28571428571428575	0.35714285714285715	-0.0714285714285714	0.8
0	FluSurv-NET	65+ yr	Overall	ridge_with_signals_plus_ed	4	train_quantile_0.85	12.174999999999999	2.0	0.5357142857142858	0.5535714285714286	-0.017857142857142794	0.9677419354838711
0	FluSurv-NET	65+ yr	Overall	ridge_with_signals_plus_ed	4	train_quantile_0.85	12.174999999999999	5.0	1.2857142857142858	1.1428571428571428	0.14285714285714302	1.1250000000000002
0	FluSurv-NET	65+ yr	Overall	ridge_with_signals_plus_ed	4	train_quantile_0.85	12.174999999999999	10.0	2.5357142857142856	2.125	0.4107142857142856	1.1932773109243697
0	FluSurv-NET	65+ yr	Overall	ridge_with_signals_plus_ed	4	train_quantile_0.90	14.55	0.5	0.1517857142857143	0.22321428571428567	-0.07142857142857137	0.6800000000000002
0	FluSurv-NET	65+ yr	Overall	ridge_with_signals_plus_ed	4	train_quantile_0.90	14.55	1.0	0.26785714285714285	0.3035714285714285	-0.03571428571428564	0.8823529411764708
0	FluSurv-NET	65+ yr	Overall	ridge_with_signals_plus_ed	4	train_quantile_0.90	14.55	2.0	0.5	0.4642857142857142	0.03571428571428581	1.076923076923077
0	FluSurv-NET	65+ yr	Overall	ridge_with_signals_plus_ed	4	train_quantile_0.90	14.55	5.0	1.1964285714285714	0.9464285714285713	0.2500000000000001	1.2641509433962266
0	FluSurv-NET	65+ yr	Overall	ridge_with_signals_plus_ed	4	train_quantile_0.90	14.55	10.0	2.3571428571428568	1.7499999999999998	0.607142857142857	1.346938775510204
0	FluSurv-NET	65+ yr	Overall	ridge_with_signals_plus_ed	4	train_quantile_0.95	18.325	0.5	0.17857142857142855	0.20535714285714282	-0.026785714285714274	0.8695652173913044
0	FluSurv-NET	65+ yr	Overall	ridge_with_signals_plus_ed	4	train_quantile_0.95	18.325	1.0	0.30357142857142855	0.2857142857142857	0.01785714285714285	1.0625
0	FluSurv-NET	65+ yr	Overall	ridge_with_signals_plus_ed	4	train_quantile_0.95	18.325	2.0	0.5535714285714286	0.4464285714285714	0.1071428571428572	1.2400000000000002
0	FluSurv-NET	65+ yr	Overall	ridge_with_signals_plus_ed	4	train_quantile_0.95	18.325	5.0	1.3035714285714286	0.9285714285714285	0.3750000000000001	1.403846153846154
0	FluSurv-NET	65+ yr	Overall	ridge_with_signals_plus_ed	4	train_quantile_0.95	18.325	10.0	2.5535714285714284	1.732142857142857	0.8214285714285714	1.4742268041237114
0	FluSurv-NET	65+ yr	Overall	ridge_with_signals_plus_flu_pos	1	train_quantile_0.85	12.174999999999999	0.5	0.12903225806451613	0.23387096774193555	-0.10483870967741943	0.5517241379310343
0	FluSurv-NET	65+ yr	Overall	ridge_with_signals_plus_flu_pos	1	train_quantile_0.85	12.174999999999999	1.0	0.16129032258064516	0.32258064516129037	-0.1612903225806452	0.4999999999999999
0	FluSurv-NET	65+ yr	Overall	ridge_with_signals_plus_flu_pos	1	train_quantile_0.85	12.174999999999999	2.0	0.22580645161290322	0.5000000000000001	-0.27419354838709686	0.45161290322580633
0	FluSurv-NET	65+ yr	Overall	ridge_with_signals_plus_flu_pos	1	train_quantile_0.85	12.174999999999999	5.0	0.4193548387096774	1.0322580645161292	-0.6129032258064518	0.4062499999999999
0	FluSurv-NET	65+ yr	Overall	ridge_with_signals_plus_flu_pos	1	train_quantile_0.85	12.174999999999999	10.0	0.7419354838709677	1.919354838709678	-1.1774193548387102	0.3865546218487394
0	FluSurv-NET	65+ yr	Overall	ridge_with_signals_plus_flu_pos	1	train_quantile_0.90	14.55	0.5	0.08064516129032255	0.20161290322580644	-0.12096774193548389	0.39999999999999986
0	FluSurv-NET	65+ yr	Overall	ridge_with_signals_plus_flu_pos	1	train_quantile_0.90	14.55	1.0	0.11290322580645158	0.27419354838709675	-0.16129032258064518	0.41176470588235287
0	FluSurv-NET	65+ yr	Overall	ridge_with_signals_plus_flu_pos	1	train_quantile_0.90	14.55	2.0	0.17741935483870963	0.4193548387096774	-0.24193548387096775	0.423076923076923
0	FluSurv-NET	65+ yr	Overall	ridge_with_signals_plus_flu_pos	1	train_quantile_0.90	14.55	5.0	0.3709677419354838	0.8548387096774193	-0.48387096774193544	0.43396226415094336
0	FluSurv-NET	65+ yr	Overall	ridge_with_signals_plus_flu_pos	1	train_quantile_0.90	14.55	10.0	0.6935483870967741	1.5806451612903225	-0.8870967741935484	0.4387755102040816
0	FluSurv-NET	65+ yr	Overall	ridge_with_signals_plus_flu_pos	1	train_quantile_0.95	18.325	0.5	0.056451612903225826	0.18548387096774194	-0.12903225806451613	0.3043478260869566
0	FluSurv-NET	65+ yr	Overall	ridge_with_signals_plus_flu_pos	1	train_quantile_0.95	18.325	1.0	0.09677419354838711	0.25806451612903225	-0.16129032258064513	0.37500000000000006
0	FluSurv-NET	65+ yr	Overall	ridge_with_signals_plus_flu_pos	1	train_quantile_0.95	18.325	2.0	0.1774193548387097	0.4032258064516129	-0.2258064516129032	0.44000000000000006
0	FluSurv-NET	65+ yr	Overall	ridge_with_signals_plus_flu_pos	1	train_quantile_0.95	18.325	5.0	0.4193548387096774	0.8387096774193548	-0.4193548387096774	0.5
0	FluSurv-NET	65+ yr	Overall	ridge_with_signals_plus_flu_pos	1	train_quantile_0.95	18.325	10.0	0.8225806451612901	1.564516129032258	-0.7419354838709679	0.5257731958762886
0	FluSurv-NET	65+ yr	Overall	ridge_with_signals_plus_flu_pos	2	train_quantile_0.85	12.174999999999999	0.5	0.1083333333333333	0.24166666666666667	-0.13333333333333336	0.44827586206896536
0	FluSurv-NET	65+ yr	Overall	ridge_with_signals_plus_flu_pos	2	train_quantile_0.85	12.174999999999999	1.0	0.16666666666666663	0.33333333333333337	-0.16666666666666674	0.49999999999999983
0	FluSurv-NET	65+ yr	Overall	ridge_with_signals_plus_flu_pos	2	train_quantile_0.85	12.174999999999999	2.0	0.28333333333333327	0.5166666666666667	-0.23333333333333345	0.5483870967741934
0	FluSurv-NET	65+ yr	Overall	ridge_with_signals_plus_flu_pos	2	train_quantile_0.85	12.174999999999999	5.0	0.6333333333333332	1.0666666666666667	-0.43333333333333346	0.5937499999999999
0	FluSurv-NET	65+ yr	Overall	ridge_with_signals_plus_flu_pos	2	train_quantile_0.85	12.174999999999999	10.0	1.2166666666666666	1.9833333333333334	-0.7666666666666668	0.6134453781512604
0	FluSurv-NET	65+ yr	Overall	ridge_with_signals_plus_flu_pos	2	train_quantile_0.90	14.55	0.5	0.09166666666666665	0.20833333333333331	-0.11666666666666667	0.43999999999999995
0	FluSurv-NET	65+ yr	Overall	ridge_with_signals_plus_flu_pos	2	train_quantile_0.90	14.55	1.0	0.14999999999999997	0.2833333333333333	-0.13333333333333336	0.5294117647058822
0	FluSurv-NET	65+ yr	Overall	ridge_with_signals_plus_flu_pos	2	train_quantile_0.90	14.55	2.0	0.26666666666666666	0.4333333333333333	-0.16666666666666663	0.6153846153846154
0	FluSurv-NET	65+ yr	Overall	ridge_with_signals_plus_flu_pos	2	train_quantile_0.90	14.55	5.0	0.6166666666666667	0.8833333333333333	-0.2666666666666666	0.6981132075471699
0	FluSurv-NET	65+ yr	Overall	ridge_with_signals_plus_flu_pos	2	train_quantile_0.90	14.55	10.0	1.2	1.6333333333333333	-0.43333333333333335	0.7346938775510204
0	FluSurv-NET	65+ yr	Overall	ridge_with_signals_plus_flu_pos	2	train_quantile_0.95	18.325	0.5	0.12499999999999996	0.19166666666666665	-0.0666666666666667	0.652173913043478
0	FluSurv-NET	65+ yr	Overall	ridge_with_signals_plus_flu_pos	2	train_quantile_0.95	18.325	1.0	0.19999999999999996	0.26666666666666666	-0.06666666666666671	0.7499999999999999
0	FluSurv-NET	65+ yr	Overall	ridge_with_signals_plus_flu_pos	2	train_quantile_0.95	18.325	2.0	0.35	0.41666666666666663	-0.06666666666666665	0.84
0	FluSurv-NET	65+ yr	Overall	ridge_with_signals_plus_flu_pos	2	train_quantile_0.95	18.325	5.0	0.7999999999999999	0.8666666666666667	-0.06666666666666676	0.923076923076923
0	FluSurv-NET	65+ yr	Overall	ridge_with_signals_plus_flu_pos	2	train_quantile_0.95	18.325	10.0	1.55	1.6166666666666667	-0.06666666666666665	0.9587628865979382
0	FluSurv-NET	65+ yr	Overall	ridge_with_signals_plus_flu_pos	3	train_quantile_0.85	12.174999999999999	0.5	0.1379310344827586	0.25	-0.11206896551724141	0.5517241379310344
0	FluSurv-NET	65+ yr	Overall	ridge_with_signals_plus_flu_pos	3	train_quantile_0.85	12.174999999999999	1.0	0.22413793103448273	0.3448275862068966	-0.12068965517241384	0.6499999999999999
0	FluSurv-NET	65+ yr	Overall	ridge_with_signals_plus_flu_pos	3	train_quantile_0.85	12.174999999999999	2.0	0.39655172413793105	0.5344827586206897	-0.13793103448275867	0.7419354838709676
0	FluSurv-NET	65+ yr	Overall	ridge_with_signals_plus_flu_pos	3	train_quantile_0.85	12.174999999999999	5.0	0.9137931034482759	1.1034482758620692	-0.18965517241379326	0.8281249999999999
0	FluSurv-NET	65+ yr	Overall	ridge_with_signals_plus_flu_pos	3	train_quantile_0.85	12.174999999999999	10.0	1.7758620689655173	2.0517241379310347	-0.27586206896551735	0.8655462184873949
0	FluSurv-NET	65+ yr	Overall	ridge_with_signals_plus_flu_pos	3	train_quantile_0.90	14.55	0.5	0.1724137931034483	0.21551724137931033	-0.043103448275862044	0.8000000000000002
0	FluSurv-NET	65+ yr	Overall	ridge_with_signals_plus_flu_pos	3	train_quantile_0.90	14.55	1.0	0.27586206896551724	0.2931034482758621	-0.017241379310344862	0.9411764705882352
0	FluSurv-NET	65+ yr	Overall	ridge_with_signals_plus_flu_pos	3	train_quantile_0.90	14.55	2.0	0.48275862068965514	0.4482758620689655	0.03448275862068961	1.0769230769230769
0	FluSurv-NET	65+ yr	Overall	ridge_with_signals_plus_flu_pos	3	train_quantile_0.90	14.55	5.0	1.103448275862069	0.9137931034482758	0.18965517241379315	1.2075471698113207
0	FluSurv-NET	65+ yr	Overall	ridge_with_signals_plus_flu_pos	3	train_quantile_0.90	14.55	10.0	2.137931034482759	1.6896551724137931	0.44827586206896575	1.2653061224489797
0	FluSurv-NET	65+ yr	Overall	ridge_with_signals_plus_flu_pos	3	train_quantile_0.95	18.325	0.5	0.18965517241379312	0.1982758620689655	-0.008620689655172376	0.9565217391304349
0	FluSurv-NET	65+ yr	Overall	ridge_with_signals_plus_flu_pos	3	train_quantile_0.95	18.325	1.0	0.2931034482758621	0.27586206896551724	0.017241379310344862	1.0625000000000002
0	FluSurv-NET	65+ yr	Overall	ridge_with_signals_plus_flu_pos	3	train_quantile_0.95	18.325	2.0	0.5	0.43103448275862066	0.06896551724137934	1.1600000000000001
0	FluSurv-NET	65+ yr	Overall	ridge_with_signals_plus_flu_pos	3	train_quantile_0.95	18.325	5.0	1.120689655172414	0.896551724137931	0.22413793103448287	1.2500000000000002
0	FluSurv-NET	65+ yr	Overall	ridge_with_signals_plus_flu_pos	3	train_quantile_0.95	18.325	10.0	2.1551724137931036	1.6724137931034482	0.48275862068965547	1.2886597938144333
0	FluSurv-NET	65+ yr	Overall	ridge_with_signals_plus_flu_pos	4	train_quantile_0.85	12.174999999999999	0.5	0.19642857142857142	0.2589285714285714	-0.06249999999999997	0.7586206896551725
0	FluSurv-NET	65+ yr	Overall	ridge_with_signals_plus_flu_pos	4	train_quantile_0.85	12.174999999999999	1.0	0.3214285714285714	0.35714285714285715	-0.035714285714285754	0.8999999999999999
0	FluSurv-NET	65+ yr	Overall	ridge_with_signals_plus_flu_pos	4	train_quantile_0.85	12.174999999999999	2.0	0.5714285714285714	0.5535714285714286	0.017857142857142794	1.032258064516129
0	FluSurv-NET	65+ yr	Overall	ridge_with_signals_plus_flu_pos	4	train_quantile_0.85	12.174999999999999	5.0	1.3214285714285714	1.1428571428571428	0.1785714285714286	1.15625
0	FluSurv-NET	65+ yr	Overall	ridge_with_signals_plus_flu_pos	4	train_quantile_0.85	12.174999999999999	10.0	2.5714285714285716	2.125	0.4464285714285716	1.2100840336134455
0	FluSurv-NET	65+ yr	Overall	ridge_with_signals_plus_flu_pos	4	train_quantile_0.90	14.55	0.5	0.1964285714285714	0.22321428571428567	-0.026785714285714274	0.88
0	FluSurv-NET	65+ yr	Overall	ridge_with_signals_plus_flu_pos	4	train_quantile_0.90	14.55	1.0	0.3214285714285714	0.3035714285714285	0.017857142857142905	1.058823529411765
0	FluSurv-NET	65+ yr	Overall	ridge_with_signals_plus_flu_pos	4	train_quantile_0.90	14.55	2.0	0.5714285714285714	0.4642857142857142	0.1071428571428572	1.230769230769231
0	FluSurv-NET	65+ yr	Overall	ridge_with_signals_plus_flu_pos	4	train_quantile_0.90	14.55	5.0	1.3214285714285714	0.9464285714285713	0.3750000000000001	1.3962264150943398
0	FluSurv-NET	65+ yr	Overall	ridge_with_signals_plus_flu_pos	4	train_quantile_0.90	14.55	10.0	2.5714285714285716	1.7499999999999998	0.8214285714285718	1.4693877551020411
0	FluSurv-NET	65+ yr	Overall	ridge_with_signals_plus_flu_pos	4	train_quantile_0.95	18.325	0.5	0.17857142857142855	0.20535714285714282	-0.026785714285714274	0.8695652173913044
0	FluSurv-NET	65+ yr	Overall	ridge_with_signals_plus_flu_pos	4	train_quantile_0.95	18.325	1.0	0.30357142857142855	0.2857142857142857	0.01785714285714285	1.0625
0	FluSurv-NET	65+ yr	Overall	ridge_with_signals_plus_flu_pos	4	train_quantile_0.95	18.325	2.0	0.5535714285714286	0.4464285714285714	0.1071428571428572	1.2400000000000002
0	FluSurv-NET	65+ yr	Overall	ridge_with_signals_plus_flu_pos	4	train_quantile_0.95	18.325	5.0	1.3035714285714286	0.9285714285714285	0.3750000000000001	1.403846153846154
0	FluSurv-NET	65+ yr	Overall	ridge_with_signals_plus_flu_pos	4	train_quantile_0.95	18.325	10.0	2.5535714285714284	1.732142857142857	0.8214285714285714	1.4742268041237114
0	FluSurv-NET	65+ yr	Overall	ridge_with_signals_plus_flu_pos_plus_ed	1	train_quantile_0.85	12.174999999999999	0.5	0.11864406779661016	0.24576271186440674	-0.12711864406779658	0.4827586206896552
0	FluSurv-NET	65+ yr	Overall	ridge_with_signals_plus_flu_pos_plus_ed	1	train_quantile_0.85	12.174999999999999	1.0	0.15254237288135591	0.3389830508474576	-0.1864406779661017	0.44999999999999996
0	FluSurv-NET	65+ yr	Overall	ridge_with_signals_plus_flu_pos_plus_ed	1	train_quantile_0.85	12.174999999999999	2.0	0.22033898305084743	0.5254237288135594	-0.30508474576271194	0.4193548387096773
0	FluSurv-NET	65+ yr	Overall	ridge_with_signals_plus_flu_pos_plus_ed	1	train_quantile_0.85	12.174999999999999	5.0	0.423728813559322	1.0847457627118646	-0.6610169491525426	0.3906249999999999
0	FluSurv-NET	65+ yr	Overall	ridge_with_signals_plus_flu_pos_plus_ed	1	train_quantile_0.85	12.174999999999999	10.0	0.7627118644067796	2.0169491525423733	-1.2542372881355937	0.3781512605042016
0	FluSurv-NET	65+ yr	Overall	ridge_with_signals_plus_flu_pos_plus_ed	1	train_quantile_0.90	14.55	0.5	0.08474576271186442	0.211864406779661	-0.1271186440677966	0.4000000000000001
0	FluSurv-NET	65+ yr	Overall	ridge_with_signals_plus_flu_pos_plus_ed	1	train_quantile_0.90	14.55	1.0	0.11864406779661019	0.288135593220339	-0.1694915254237288	0.411764705882353
0	FluSurv-NET	65+ yr	Overall	ridge_with_signals_plus_flu_pos_plus_ed	1	train_quantile_0.90	14.55	2.0	0.1864406779661017	0.44067796610169496	-0.25423728813559326	0.423076923076923
0	FluSurv-NET	65+ yr	Overall	ridge_with_signals_plus_flu_pos_plus_ed	1	train_quantile_0.90	14.55	5.0	0.3898305084745763	0.8983050847457628	-0.5084745762711864	0.4339622641509434
0	FluSurv-NET	65+ yr	Overall	ridge_with_signals_plus_flu_pos_plus_ed	1	train_quantile_0.90	14.55	10.0	0.7288135593220338	1.6610169491525426	-0.9322033898305088	0.43877551020408156
0	FluSurv-NET	65+ yr	Overall	ridge_with_signals_plus_flu_pos_plus_ed	1	train_quantile_0.95	18.325	0.5	0.08474576271186438	0.19491525423728812	-0.11016949152542374	0.43478260869565205
0	FluSurv-NET	65+ yr	Overall	ridge_with_signals_plus_flu_pos_plus_ed	1	train_quantile_0.95	18.325	1.0	0.13559322033898302	0.2711864406779661	-0.13559322033898308	0.4999999999999999
0	FluSurv-NET	65+ yr	Overall	ridge_with_signals_plus_flu_pos_plus_ed	1	train_quantile_0.95	18.325	2.0	0.23728813559322032	0.423728813559322	-0.1864406779661017	0.5599999999999999
0	FluSurv-NET	65+ yr	Overall	ridge_with_signals_plus_flu_pos_plus_ed	1	train_quantile_0.95	18.325	5.0	0.5423728813559321	0.8813559322033898	-0.3389830508474577	0.6153846153846153
0	FluSurv-NET	65+ yr	Overall	ridge_with_signals_plus_flu_pos_plus_ed	1	train_quantile_0.95	18.325	10.0	1.0508474576271185	1.6440677966101693	-0.5932203389830508	0.6391752577319587
0	FluSurv-NET	65+ yr	Overall	ridge_with_signals_plus_flu_pos_plus_ed	2	train_quantile_0.85	12.174999999999999	0.5	0.13793103448275862	0.25	-0.11206896551724138	0.5517241379310345
0	FluSurv-NET	65+ yr	Overall	ridge_with_signals_plus_flu_pos_plus_ed	2	train_quantile_0.85	12.174999999999999	1.0	0.2068965517241379	0.3448275862068966	-0.13793103448275867	0.5999999999999999
0	FluSurv-NET	65+ yr	Overall	ridge_with_signals_plus_flu_pos_plus_ed	2	train_quantile_0.85	12.174999999999999	2.0	0.3448275862068965	0.5344827586206897	-0.1896551724137932	0.6451612903225805
0	FluSurv-NET	65+ yr	Overall	ridge_with_signals_plus_flu_pos_plus_ed	2	train_quantile_0.85	12.174999999999999	5.0	0.7586206896551725	1.1034482758620692	-0.3448275862068967	0.6874999999999999
0	FluSurv-NET	65+ yr	Overall	ridge_with_signals_plus_flu_pos_plus_ed	2	train_quantile_0.85	12.174999999999999	10.0	1.4482758620689655	2.0517241379310347	-0.6034482758620692	0.7058823529411764
0	FluSurv-NET	65+ yr	Overall	ridge_with_signals_plus_flu_pos_plus_ed	2	train_quantile_0.90	14.55	0.5	0.103448275862069	0.21551724137931033	-0.11206896551724133	0.4800000000000002
0	FluSurv-NET	65+ yr	Overall	ridge_with_signals_plus_flu_pos_plus_ed	2	train_quantile_0.90	14.55	1.0	0.17241379310344832	0.2931034482758621	-0.12068965517241378	0.5882352941176471
0	FluSurv-NET	65+ yr	Overall	ridge_with_signals_plus_flu_pos_plus_ed	2	train_quantile_0.90	14.55	2.0	0.31034482758620696	0.4482758620689655	-0.13793103448275856	0.6923076923076924
0	FluSurv-NET	65+ yr	Overall	ridge_with_signals_plus_flu_pos_plus_ed	2	train_quantile_0.90	14.55	5.0	0.7241379310344829	0.9137931034482758	-0.18965517241379293	0.7924528301886794
0	FluSurv-NET	65+ yr	Overall	ridge_with_signals_plus_flu_pos_plus_ed	2	train_quantile_0.90	14.55	10.0	1.413793103448276	1.6896551724137931	-0.2758620689655171	0.8367346938775511
0	FluSurv-NET	65+ yr	Overall	ridge_with_signals_plus_flu_pos_plus_ed	2	train_quantile_0.95	18.325	0.5	0.12931034482758624	0.1982758620689655	-0.06896551724137925	0.6521739130434785
0	FluSurv-NET	65+ yr	Overall	ridge_with_signals_plus_flu_pos_plus_ed	2	train_quantile_0.95	18.325	1.0	0.20689655172413796	0.27586206896551724	-0.06896551724137928	0.7500000000000001
0	FluSurv-NET	65+ yr	Overall	ridge_with_signals_plus_flu_pos_plus_ed	2	train_quantile_0.95	18.325	2.0	0.36206896551724144	0.43103448275862066	-0.06896551724137923	0.8400000000000002
0	FluSurv-NET	65+ yr	Overall	ridge_with_signals_plus_flu_pos_plus_ed	2	train_quantile_0.95	18.325	5.0	0.8275862068965517	0.896551724137931	-0.06896551724137934	0.923076923076923
0	FluSurv-NET	65+ yr	Overall	ridge_with_signals_plus_flu_pos_plus_ed	2	train_quantile_0.95	18.325	10.0	1.603448275862069	1.6724137931034482	-0.06896551724137923	0.9587628865979382
0	FluSurv-NET	65+ yr	Overall	ridge_with_signals_plus_flu_pos_plus_ed	3	train_quantile_0.85	12.174999999999999	0.5	0.1403508771929825	0.25438596491228066	-0.11403508771929816	0.5517241379310348
0	FluSurv-NET	65+ yr	Overall	ridge_with_signals_plus_flu_pos_plus_ed	3	train_quantile_0.85	12.174999999999999	1.0	0.24561403508771934	0.3508771929824561	-0.10526315789473678	0.7000000000000002
0	FluSurv-NET	65+ yr	Overall	ridge_with_signals_plus_flu_pos_plus_ed	3	train_quantile_0.85	12.174999999999999	2.0	0.45614035087719307	0.543859649122807	-0.08771929824561397	0.838709677419355
0	FluSurv-NET	65+ yr	Overall	ridge_with_signals_plus_flu_pos_plus_ed	3	train_quantile_0.85	12.174999999999999	5.0	1.0877192982456143	1.1228070175438598	-0.0350877192982455	0.9687500000000001
0	FluSurv-NET	65+ yr	Overall	ridge_with_signals_plus_flu_pos_plus_ed	3	train_quantile_0.85	12.174999999999999	10.0	2.140350877192983	2.0877192982456143	0.052631578947368585	1.0252100840336136
0	FluSurv-NET	65+ yr	Overall	ridge_with_signals_plus_flu_pos_plus_ed	3	train_quantile_0.90	14.55	0.5	0.15789473684210523	0.21929824561403505	-0.06140350877192982	0.72
0	FluSurv-NET	65+ yr	Overall	ridge_with_signals_plus_flu_pos_plus_ed	3	train_quantile_0.90	14.55	1.0	0.26315789473684204	0.29824561403508765	-0.03508771929824561	0.8823529411764706
0	FluSurv-NET	65+ yr	Overall	ridge_with_signals_plus_flu_pos_plus_ed	3	train_quantile_0.90	14.55	2.0	0.4736842105263157	0.45614035087719296	0.01754385964912275	1.0384615384615383
0	FluSurv-NET	65+ yr	Overall	ridge_with_signals_plus_flu_pos_plus_ed	3	train_quantile_0.90	14.55	5.0	1.1052631578947367	0.9298245614035088	0.17543859649122795	1.1886792452830188
0	FluSurv-NET	65+ yr	Overall	ridge_with_signals_plus_flu_pos_plus_ed	3	train_quantile_0.90	14.55	10.0	2.1578947368421053	1.719298245614035	0.4385964912280702	1.2551020408163265
0	FluSurv-NET	65+ yr	Overall	ridge_with_signals_plus_flu_pos_plus_ed	3	train_quantile_0.95	18.325	0.5	0.17543859649122812	0.20175438596491224	-0.026315789473684126	0.8695652173913048
0	FluSurv-NET	65+ yr	Overall	ridge_with_signals_plus_flu_pos_plus_ed	3	train_quantile_0.95	18.325	1.0	0.28070175438596495	0.28070175438596484	1.1102230246251565e-16	1.0000000000000004
0	FluSurv-NET	65+ yr	Overall	ridge_with_signals_plus_flu_pos_plus_ed	3	train_quantile_0.95	18.325	2.0	0.4912280701754387	0.4385964912280701	0.052631578947368585	1.1200000000000003
0	FluSurv-NET	65+ yr	Overall	ridge_with_signals_plus_flu_pos_plus_ed	3	train_quantile_0.95	18.325	5.0	1.1228070175438598	0.9122807017543857	0.21052631578947412	1.2307692307692313
0	FluSurv-NET	65+ yr	Overall	ridge_with_signals_plus_flu_pos_plus_ed	3	train_quantile_0.95	18.325	10.0	2.1754385964912286	1.7017543859649118	0.4736842105263168	1.2783505154639183
0	FluSurv-NET	65+ yr	Overall	ridge_with_signals_plus_flu_pos_plus_ed	4	train_quantile_0.85	12.174999999999999	0.5	0.19642857142857145	0.2589285714285714	-0.062499999999999944	0.7586206896551726
0	FluSurv-NET	65+ yr	Overall	ridge_with_signals_plus_flu_pos_plus_ed	4	train_quantile_0.85	12.174999999999999	1.0	0.3392857142857143	0.35714285714285715	-0.01785714285714285	0.9500000000000001
0	FluSurv-NET	65+ yr	Overall	ridge_with_signals_plus_flu_pos_plus_ed	4	train_quantile_0.85	12.174999999999999	2.0	0.625	0.5535714285714286	0.0714285714285714	1.129032258064516
0	FluSurv-NET	65+ yr	Overall	ridge_with_signals_plus_flu_pos_plus_ed	4	train_quantile_0.85	12.174999999999999	5.0	1.482142857142857	1.1428571428571428	0.3392857142857142	1.296875
0	FluSurv-NET	65+ yr	Overall	ridge_with_signals_plus_flu_pos_plus_ed	4	train_quantile_0.85	12.174999999999999	10.0	2.910714285714285	2.125	0.7857142857142851	1.3697478991596637
0	FluSurv-NET	65+ yr	Overall	ridge_with_signals_plus_flu_pos_plus_ed	4	train_quantile_0.90	14.55	0.5	0.16964285714285718	0.22321428571428567	-0.05357142857142849	0.7600000000000003
0	FluSurv-NET	65+ yr	Overall	ridge_with_signals_plus_flu_pos_plus_ed	4	train_quantile_0.90	14.55	1.0	0.3035714285714286	0.3035714285714285	1.1102230246251565e-16	1.0000000000000004
0	FluSurv-NET	65+ yr	Overall	ridge_with_signals_plus_flu_pos_plus_ed	4	train_quantile_0.90	14.55	2.0	0.5714285714285714	0.4642857142857142	0.1071428571428572	1.230769230769231
0	FluSurv-NET	65+ yr	Overall	ridge_with_signals_plus_flu_pos_plus_ed	4	train_quantile_0.90	14.55	5.0	1.375	0.9464285714285713	0.4285714285714287	1.4528301886792454
0	FluSurv-NET	65+ yr	Overall	ridge_with_signals_plus_flu_pos_plus_ed	4	train_quantile_0.90	14.55	10.0	2.714285714285714	1.7499999999999998	0.9642857142857142	1.5510204081632653
0	FluSurv-NET	65+ yr	Overall	ridge_with_signals_plus_flu_pos_plus_ed	4	train_quantile_0.95	18.325	0.5	0.16071428571428575	0.20535714285714282	-0.04464285714285707	0.7826086956521743
0	FluSurv-NET	65+ yr	Overall	ridge_with_signals_plus_flu_pos_plus_ed	4	train_quantile_0.95	18.325	1.0	0.28571428571428575	0.2857142857142857	5.551115123125783e-17	1.0000000000000002
0	FluSurv-NET	65+ yr	Overall	ridge_with_signals_plus_flu_pos_plus_ed	4	train_quantile_0.95	18.325	2.0	0.5357142857142858	0.4464285714285714	0.08928571428571441	1.2000000000000004
0	FluSurv-NET	65+ yr	Overall	ridge_with_signals_plus_flu_pos_plus_ed	4	train_quantile_0.95	18.325	5.0	1.2857142857142858	0.9285714285714285	0.3571428571428573	1.3846153846153848
0	FluSurv-NET	65+ yr	Overall	ridge_with_signals_plus_flu_pos_plus_ed	4	train_quantile_0.95	18.325	10.0	2.5357142857142856	1.732142857142857	0.8035714285714286	1.463917525773196
0	RSV-NET	65+ yr	Overall	seasonal_naive	1	train_quantile_0.85	2.0	0.5	0.09951456310679613	0.09951456310679613	0.0	1.0
0	RSV-NET	65+ yr	Overall	seasonal_naive	1	train_quantile_0.85	2.0	1.0	0.16019417475728157	0.16019417475728157	0.0	1.0
0	RSV-NET	65+ yr	Overall	seasonal_naive	1	train_quantile_0.85	2.0	2.0	0.2815533980582524	0.2815533980582524	0.0	1.0
0	RSV-NET	65+ yr	Overall	seasonal_naive	1	train_quantile_0.85	2.0	5.0	0.645631067961165	0.645631067961165	0.0	1.0
0	RSV-NET	65+ yr	Overall	seasonal_naive	1	train_quantile_0.85	2.0	10.0	1.2524271844660193	1.2524271844660193	0.0	1.0
0	RSV-NET	65+ yr	Overall	seasonal_naive	1	train_quantile_0.90	2.25	0.5	0.09951456310679611	0.09951456310679611	0.0	1.0
0	RSV-NET	65+ yr	Overall	seasonal_naive	1	train_quantile_0.90	2.25	1.0	0.16019417475728154	0.16019417475728154	0.0	1.0
0	RSV-NET	65+ yr	Overall	seasonal_naive	1	train_quantile_0.90	2.25	2.0	0.2815533980582524	0.2815533980582524	0.0	1.0
0	RSV-NET	65+ yr	Overall	seasonal_naive	1	train_quantile_0.90	2.25	5.0	0.645631067961165	0.645631067961165	0.0	1.0
0	RSV-NET	65+ yr	Overall	seasonal_naive	1	train_quantile_0.90	2.25	10.0	1.2524271844660193	1.2524271844660193	0.0	1.0
0	RSV-NET	65+ yr	Overall	seasonal_naive	1	train_quantile_0.95	2.65	0.5	0.09951456310679607	0.09951456310679607	0.0	1.0
0	RSV-NET	65+ yr	Overall	seasonal_naive	1	train_quantile_0.95	2.65	1.0	0.1601941747572815	0.1601941747572815	0.0	1.0
0	RSV-NET	65+ yr	Overall	seasonal_naive	1	train_quantile_0.95	2.65	2.0	0.28155339805825236	0.28155339805825236	0.0	1.0
0	RSV-NET	65+ yr	Overall	seasonal_naive	1	train_quantile_0.95	2.65	5.0	0.645631067961165	0.645631067961165	0.0	1.0
0	RSV-NET	65+ yr	Overall	seasonal_naive	1	train_quantile_0.95	2.65	10.0	1.2524271844660193	1.2524271844660193	0.0	1.0
0	RSV-NET	65+ yr	Overall	seasonal_naive	2	train_quantile_0.85	2.0	0.5	0.09999999999999998	0.09999999999999998	0.0	1.0
0	RSV-NET	65+ yr	Overall	seasonal_naive	2	train_quantile_0.85	2.0	1.0	0.16097560975609754	0.16097560975609754	0.0	1.0
0	RSV-NET	65+ yr	Overall	seasonal_naive	2	train_quantile_0.85	2.0	2.0	0.28292682926829266	0.28292682926829266	0.0	1.0
0	RSV-NET	65+ yr	Overall	seasonal_naive	2	train_quantile_0.85	2.0	5.0	0.648780487804878	0.648780487804878	0.0	1.0
0	RSV-NET	65+ yr	Overall	seasonal_naive	2	train_quantile_0.85	2.0	10.0	1.2585365853658537	1.2585365853658537	0.0	1.0
0	RSV-NET	65+ yr	Overall	seasonal_naive	2	train_quantile_0.90	2.25	0.5	0.10000000000000003	0.10000000000000003	0.0	1.0
0	RSV-NET	65+ yr	Overall	seasonal_naive	2	train_quantile_0.90	2.25	1.0	0.1609756097560976	0.1609756097560976	0.0	1.0
0	RSV-NET	65+ yr	Overall	seasonal_naive	2	train_quantile_0.90	2.25	2.0	0.2829268292682927	0.2829268292682927	0.0	1.0
0	RSV-NET	65+ yr	Overall	seasonal_naive	2	train_quantile_0.90	2.25	5.0	0.6487804878048782	0.6487804878048782	0.0	1.0
0	RSV-NET	65+ yr	Overall	seasonal_naive	2	train_quantile_0.90	2.25	10.0	1.2585365853658539	1.2585365853658539	0.0	1.0
0	RSV-NET	65+ yr	Overall	seasonal_naive	2	train_quantile_0.95	2.65	0.5	0.09999999999999998	0.09999999999999998	0.0	1.0
0	RSV-NET	65+ yr	Overall	seasonal_naive	2	train_quantile_0.95	2.65	1.0	0.16097560975609754	0.16097560975609754	0.0	1.0
0	RSV-NET	65+ yr	Overall	seasonal_naive	2	train_quantile_0.95	2.65	2.0	0.28292682926829266	0.28292682926829266	0.0	1.0
0	RSV-NET	65+ yr	Overall	seasonal_naive	2	train_quantile_0.95	2.65	5.0	0.648780487804878	0.648780487804878	0.0	1.0
0	RSV-NET	65+ yr	Overall	seasonal_naive	2	train_quantile_0.95	2.65	10.0	1.2585365853658534	1.2585365853658534	0.0	1.0
0	RSV-NET	65+ yr	Overall	seasonal_naive	3	train_quantile_0.85	2.0	0.5	0.10049019607843138	0.10049019607843138	0.0	1.0
0	RSV-NET	65+ yr	Overall	seasonal_naive	3	train_quantile_0.85	2.0	1.0	0.16176470588235295	0.16176470588235295	0.0	1.0
0	RSV-NET	65+ yr	Overall	seasonal_naive	3	train_quantile_0.85	2.0	2.0	0.28431372549019607	0.28431372549019607	0.0	1.0
0	RSV-NET	65+ yr	Overall	seasonal_naive	3	train_quantile_0.85	2.0	5.0	0.6519607843137254	0.6519607843137254	0.0	1.0
0	RSV-NET	65+ yr	Overall	seasonal_naive	3	train_quantile_0.85	2.0	10.0	1.2647058823529411	1.2647058823529411	0.0	1.0
0	RSV-NET	65+ yr	Overall	seasonal_naive	3	train_quantile_0.90	2.25	0.5	0.10049019607843135	0.10049019607843135	0.0	1.0
0	RSV-NET	65+ yr	Overall	seasonal_naive	3	train_quantile_0.90	2.25	1.0	0.16176470588235292	0.16176470588235292	0.0	1.0
0	RSV-NET	65+ yr	Overall	seasonal_naive	3	train_quantile_0.90	2.25	2.0	0.28431372549019607	0.28431372549019607	0.0	1.0
0	RSV-NET	65+ yr	Overall	seasonal_naive	3	train_quantile_0.90	2.25	5.0	0.6519607843137255	0.6519607843137255	0.0	1.0
0	RSV-NET	65+ yr	Overall	seasonal_naive	3	train_quantile_0.90	2.25	10.0	1.2647058823529413	1.2647058823529413	0.0	1.0
0	RSV-NET	65+ yr	Overall	seasonal_naive	3	train_quantile_0.95	2.65	0.5	0.10049019607843138	0.10049019607843138	0.0	1.0
0	RSV-NET	65+ yr	Overall	seasonal_naive	3	train_quantile_0.95	2.65	1.0	0.16176470588235295	0.16176470588235295	0.0	1.0
0	RSV-NET	65+ yr	Overall	seasonal_naive	3	train_quantile_0.95	2.65	2.0	0.28431372549019607	0.28431372549019607	0.0	1.0
0	RSV-NET	65+ yr	Overall	seasonal_naive	3	train_quantile_0.95	2.65	5.0	0.6519607843137255	0.6519607843137255	0.0	1.0
0	RSV-NET	65+ yr	Overall	seasonal_naive	3	train_quantile_0.95	2.65	10.0	1.2647058823529413	1.2647058823529413	0.0	1.0
0	RSV-NET	65+ yr	Overall	seasonal_naive	4	train_quantile_0.85	2.0	0.5	0.10098522167487683	0.10098522167487683	0.0	1.0
0	RSV-NET	65+ yr	Overall	seasonal_naive	4	train_quantile_0.85	2.0	1.0	0.16256157635467977	0.16256157635467977	0.0	1.0
0	RSV-NET	65+ yr	Overall	seasonal_naive	4	train_quantile_0.85	2.0	2.0	0.2857142857142857	0.2857142857142857	0.0	1.0
0	RSV-NET	65+ yr	Overall	seasonal_naive	4	train_quantile_0.85	2.0	5.0	0.6551724137931034	0.6551724137931034	0.0	1.0
0	RSV-NET	65+ yr	Overall	seasonal_naive	4	train_quantile_0.85	2.0	10.0	1.270935960591133	1.270935960591133	0.0	1.0
0	RSV-NET	65+ yr	Overall	seasonal_naive	4	train_quantile_0.90	2.25	0.5	0.10098522167487686	0.10098522167487686	0.0	1.0
0	RSV-NET	65+ yr	Overall	seasonal_naive	4	train_quantile_0.90	2.25	1.0	0.16256157635467983	0.16256157635467983	0.0	1.0
0	RSV-NET	65+ yr	Overall	seasonal_naive	4	train_quantile_0.90	2.25	2.0	0.28571428571428575	0.28571428571428575	0.0	1.0
0	RSV-NET	65+ yr	Overall	seasonal_naive	4	train_quantile_0.90	2.25	5.0	0.6551724137931035	0.6551724137931035	0.0	1.0
0	RSV-NET	65+ yr	Overall	seasonal_naive	4	train_quantile_0.90	2.25	10.0	1.270935960591133	1.270935960591133	0.0	1.0
0	RSV-NET	65+ yr	Overall	seasonal_naive	4	train_quantile_0.95	2.65	0.5	0.10098522167487686	0.10098522167487686	0.0	1.0
0	RSV-NET	65+ yr	Overall	seasonal_naive	4	train_quantile_0.95	2.65	1.0	0.16256157635467983	0.16256157635467983	0.0	1.0
0	RSV-NET	65+ yr	Overall	seasonal_naive	4	train_quantile_0.95	2.65	2.0	0.2857142857142857	0.2857142857142857	0.0	1.0
0	RSV-NET	65+ yr	Overall	seasonal_naive	4	train_quantile_0.95	2.65	5.0	0.6551724137931034	0.6551724137931034	0.0	1.0
0	RSV-NET	65+ yr	Overall	seasonal_naive	4	train_quantile_0.95	2.65	10.0	1.2709359605911328	1.2709359605911328	0.0	1.0
0	RSV-NET	65+ yr	Overall	ridge_univariate	1	train_quantile_0.85	2.0	0.5	0.041262135922330134	0.09951456310679613	-0.058252427184465994	0.4146341463414637
0	RSV-NET	65+ yr	Overall	ridge_univariate	1	train_quantile_0.85	2.0	1.0	0.053398058252427216	0.16019417475728157	-0.10679611650485435	0.3333333333333335
0	RSV-NET	65+ yr	Overall	ridge_univariate	1	train_quantile_0.85	2.0	2.0	0.0776699029126214	0.2815533980582524	-0.20388349514563103	0.2758620689655174
0	RSV-NET	65+ yr	Overall	ridge_univariate	1	train_quantile_0.85	2.0	5.0	0.1504854368932039	0.645631067961165	-0.49514563106796106	0.23308270676691734
0	RSV-NET	65+ yr	Overall	ridge_univariate	1	train_quantile_0.85	2.0	10.0	0.27184466019417475	1.2524271844660193	-0.9805825242718446	0.2170542635658915
0	RSV-NET	65+ yr	Overall	ridge_univariate	1	train_quantile_0.90	2.25	0.5	0.04368932038834954	0.09951456310679611	-0.05582524271844658	0.43902439024390266
0	RSV-NET	65+ yr	Overall	ridge_univariate	1	train_quantile_0.90	2.25	1.0	0.06310679611650488	0.16019417475728154	-0.09708737864077666	0.39393939393939414
0	RSV-NET	65+ yr	Overall	ridge_univariate	1	train_quantile_0.90	2.25	2.0	0.10194174757281556	0.2815533980582524	-0.17961165048543687	0.3620689655172415
0	RSV-NET	65+ yr	Overall	ridge_univariate	1	train_quantile_0.90	2.25	5.0	0.21844660194174756	0.645631067961165	-0.4271844660194174	0.33834586466165417
0	RSV-NET	65+ yr	Overall	ridge_univariate	1	train_quantile_0.90	2.25	10.0	0.41262135922330095	1.2524271844660193	-0.8398058252427183	0.3294573643410853
0	RSV-NET	65+ yr	Overall	ridge_univariate	1	train_quantile_0.95	2.65	0.5	0.0388349514563107	0.09951456310679607	-0.060679611650485375	0.39024390243902474
0	RSV-NET	65+ yr	Overall	ridge_univariate	1	train_quantile_0.95	2.65	1.0	0.058252427184466035	0.1601941747572815	-0.10194174757281547	0.3636363636363638
0	RSV-NET	65+ yr	Overall	ridge_univariate	1	train_quantile_0.95	2.65	2.0	0.0970873786407767	0.28155339805825236	-0.18446601941747565	0.34482758620689663
0	RSV-NET	65+ yr	Overall	ridge_univariate	1	train_quantile_0.95	2.65	5.0	0.2135922330097087	0.645631067961165	-0.4320388349514563	0.3308270676691729
0	RSV-NET	65+ yr	Overall	ridge_univariate	1	train_quantile_0.95	2.65	10.0	0.40776699029126207	1.2524271844660193	-0.8446601941747572	0.3255813953488372
0	RSV-NET	65+ yr	Overall	ridge_univariate	2	train_quantile_0.85	2.0	0.5	0.06341463414634144	0.09999999999999998	-0.03658536585365854	0.6341463414634145
0	RSV-NET	65+ yr	Overall	ridge_univariate	2	train_quantile_0.85	2.0	1.0	0.08780487804878047	0.16097560975609754	-0.07317073170731707	0.5454545454545454
0	RSV-NET	65+ yr	Overall	ridge_univariate	2	train_quantile_0.85	2.0	2.0	0.13658536585365852	0.28292682926829266	-0.14634146341463414	0.48275862068965514
0	RSV-NET	65+ yr	Overall	ridge_univariate	2	train_quantile_0.85	2.0	5.0	0.28292682926829266	0.648780487804878	-0.3658536585365853	0.4360902255639098
0	RSV-NET	65+ yr	Overall	ridge_univariate	2	train_quantile_0.85	2.0	10.0	0.526829268292683	1.2585365853658537	-0.7317073170731707	0.4186046511627907
0	RSV-NET	65+ yr	Overall	ridge_univariate	2	train_quantile_0.90	2.25	0.5	0.06341463414634149	0.10000000000000003	-0.03658536585365854	0.6341463414634148
0	RSV-NET	65+ yr	Overall	ridge_univariate	2	train_quantile_0.90	2.25	1.0	0.09268292682926832	0.1609756097560976	-0.06829268292682927	0.5757575757575758
0	RSV-NET	65+ yr	Overall	ridge_univariate	2	train_quantile_0.90	2.25	2.0	0.15121951219512197	0.2829268292682927	-0.13170731707317074	0.5344827586206897
0	RSV-NET	65+ yr	Overall	ridge_univariate	2	train_quantile_0.90	2.25	5.0	0.32682926829268294	0.6487804878048782	-0.32195121951219524	0.5037593984962405
0	RSV-NET	65+ yr	Overall	ridge_univariate	2	train_quantile_0.90	2.25	10.0	0.6195121951219512	1.2585365853658539	-0.6390243902439027	0.4922480620155038
0	RSV-NET	65+ yr	Overall	ridge_univariate	2	train_quantile_0.95	2.65	0.5	0.056097560975609764	0.09999999999999998	-0.043902439024390214	0.5609756097560977
0	RSV-NET	65+ yr	Overall	ridge_univariate	2	train_quantile_0.95	2.65	1.0	0.0878048780487805	0.16097560975609754	-0.07317073170731704	0.5454545454545456
0	RSV-NET	65+ yr	Overall	ridge_univariate	2	train_quantile_0.95	2.65	2.0	0.15121951219512195	0.28292682926829266	-0.1317073170731707	0.5344827586206897
0	RSV-NET	65+ yr	Overall	ridge_univariate	2	train_quantile_0.95	2.65	5.0	0.3414634146341463	0.648780487804878	-0.30731707317073165	0.5263157894736843
0	RSV-NET	65+ yr	Overall	ridge_univariate	2	train_quantile_0.95	2.65	10.0	0.6585365853658536	1.2585365853658534	-0.5999999999999999	0.5232558139534884
0	RSV-NET	65+ yr	Overall	ridge_univariate	3	train_quantile_0.85	2.0	0.5	0.07598039215686274	0.10049019607843138	-0.024509803921568638	0.7560975609756097
0	RSV-NET	65+ yr	Overall	ridge_univariate	3	train_quantile_0.85	2.0	1.0	0.10784313725490195	0.16176470588235295	-0.053921568627451	0.6666666666666666
0	RSV-NET	65+ yr	Overall	ridge_univariate	3	train_quantile_0.85	2.0	2.0	0.1715686274509804	0.28431372549019607	-0.11274509803921567	0.603448275862069
0	RSV-NET	65+ yr	Overall	ridge_univariate	3	train_quantile_0.85	2.0	5.0	0.3627450980392157	0.6519607843137254	-0.2892156862745097	0.5563909774436091
0	RSV-NET	65+ yr	Overall	ridge_univariate	3	train_quantile_0.85	2.0	10.0	0.6813725490196078	1.2647058823529411	-0.5833333333333334	0.5387596899224806
0	RSV-NET	65+ yr	Overall	ridge_univariate	3	train_quantile_0.90	2.25	0.5	0.07598039215686272	0.10049019607843135	-0.024509803921568624	0.7560975609756098
0	RSV-NET	65+ yr	Overall	ridge_univariate	3	train_quantile_0.90	2.25	1.0	0.11274509803921567	0.16176470588235292	-0.04901960784313725	0.696969696969697
0	RSV-NET	65+ yr	Overall	ridge_univariate	3	train_quantile_0.90	2.25	2.0	0.18627450980392157	0.28431372549019607	-0.0980392156862745	0.6551724137931035
0	RSV-NET	65+ yr	Overall	ridge_univariate	3	train_quantile_0.90	2.25	5.0	0.40686274509803927	0.6519607843137255	-0.24509803921568624	0.6240601503759399
0	RSV-NET	65+ yr	Overall	ridge_univariate	3	train_quantile_0.90	2.25	10.0	0.7745098039215688	1.2647058823529413	-0.4901960784313726	0.6124031007751938
0	RSV-NET	65+ yr	Overall	ridge_univariate	3	train_quantile_0.95	2.65	0.5	0.04901960784313729	0.10049019607843138	-0.05147058823529409	0.4878048780487808
0	RSV-NET	65+ yr	Overall	ridge_univariate	3	train_quantile_0.95	2.65	1.0	0.0882352941176471	0.16176470588235295	-0.07352941176470584	0.5454545454545457
0	RSV-NET	65+ yr	Overall	ridge_univariate	3	train_quantile_0.95	2.65	2.0	0.16666666666666674	0.28431372549019607	-0.11764705882352933	0.5862068965517244
0	RSV-NET	65+ yr	Overall	ridge_univariate	3	train_quantile_0.95	2.65	5.0	0.40196078431372567	0.6519607843137255	-0.24999999999999983	0.616541353383459
0	RSV-NET	65+ yr	Overall	ridge_univariate	3	train_quantile_0.95	2.65	10.0	0.7941176470588238	1.2647058823529413	-0.47058823529411753	0.6279069767441862
0	RSV-NET	65+ yr	Overall	ridge_univariate	4	train_quantile_0.85	2.0	0.5	0.08620689655172416	0.10098522167487683	-0.014778325123152677	0.8536585365853662
0	RSV-NET	65+ yr	Overall	ridge_univariate	4	train_quantile_0.85	2.0	1.0	0.12807881773399016	0.16256157635467977	-0.03448275862068961	0.7878787878787881
0	RSV-NET	65+ yr	Overall	ridge_univariate	4	train_quantile_0.85	2.0	2.0	0.2118226600985222	0.2857142857142857	-0.07389162561576351	0.7413793103448277
0	RSV-NET	65+ yr	Overall	ridge_univariate	4	train_quantile_0.85	2.0	5.0	0.4630541871921182	0.6551724137931034	-0.1921182266009852	0.706766917293233
0	RSV-NET	65+ yr	Overall	ridge_univariate	4	train_quantile_0.85	2.0	10.0	0.8817733990147784	1.270935960591133	-0.38916256157635465	0.6937984496124031
0	RSV-NET	65+ yr	Overall	ridge_univariate	4	train_quantile_0.90	2.25	0.5	0.07635467980295566	0.10098522167487686	-0.024630541871921208	0.7560975609756095
0	RSV-NET	65+ yr	Overall	ridge_univariate	4	train_quantile_0.90	2.25	1.0	0.12807881773399016	0.16256157635467983	-0.03448275862068967	0.7878787878787878
0	RSV-NET	65+ yr	Overall	ridge_univariate	4	train_quantile_0.90	2.25	2.0	0.23152709359605914	0.28571428571428575	-0.05418719211822662	0.8103448275862069
0	RSV-NET	65+ yr	Overall	ridge_univariate	4	train_quantile_0.90	2.25	5.0	0.541871921182266	0.6551724137931035	-0.11330049261083752	0.8270676691729322
0	RSV-NET	65+ yr	Overall	ridge_univariate	4	train_quantile_0.90	2.25	10.0	1.059113300492611	1.270935960591133	-0.21182266009852202	0.8333333333333335
0	RSV-NET	65+ yr	Overall	ridge_univariate	4	train_quantile_0.95	2.65	0.5	0.07389162561576357	0.10098522167487686	-0.027093596059113295	0.7317073170731708
0	RSV-NET	65+ yr	Overall	ridge_univariate	4	train_quantile_0.95	2.65	1.0	0.13300492610837442	0.16256157635467983	-0.02955665024630541	0.8181818181818182
0	RSV-NET	65+ yr	Overall	ridge_univariate	4	train_quantile_0.95	2.65	2.0	0.2512315270935961	0.2857142857142857	-0.03448275862068961	0.8793103448275863
0	RSV-NET	65+ yr	Overall	ridge_univariate	4	train_quantile_0.95	2.65	5.0	0.605911330049261	0.6551724137931034	-0.049261083743842415	0.9248120300751879
0	RSV-NET	65+ yr	Overall	ridge_univariate	4	train_quantile_0.95	2.65	10.0	1.1970443349753694	1.2709359605911328	-0.07389162561576335	0.9418604651162792
0	RSV-NET	65+ yr	Overall	ridge_with_ed	1	train_quantile_0.85	2.0	0.5	0.05241935483870972	0.08467741935483875	-0.032258064516129024	0.6190476190476193
0	RSV-NET	65+ yr	Overall	ridge_with_ed	1	train_quantile_0.85	2.0	1.0	0.05645161290322585	0.12096774193548392	-0.06451612903225806	0.4666666666666669
0	RSV-NET	65+ yr	Overall	ridge_with_ed	1	train_quantile_0.85	2.0	2.0	0.06451612903225812	0.19354838709677424	-0.12903225806451613	0.33333333333333354
0	RSV-NET	65+ yr	Overall	ridge_with_ed	1	train_quantile_0.85	2.0	5.0	0.0887096774193549	0.41129032258064524	-0.32258064516129037	0.21568627450980402
0	RSV-NET	65+ yr	Overall	ridge_with_ed	1	train_quantile_0.85	2.0	10.0	0.12903225806451624	0.7741935483870969	-0.6451612903225806	0.1666666666666668
0	RSV-NET	65+ yr	Overall	ridge_with_ed	1	train_quantile_0.90	2.25	0.5	0.04032258064516127	0.08467741935483875	-0.04435483870967748	0.4761904761904757
0	RSV-NET	65+ yr	Overall	ridge_with_ed	1	train_quantile_0.90	2.25	1.0	0.04838709677419353	0.12096774193548392	-0.07258064516129038	0.39999999999999974
0	RSV-NET	65+ yr	Overall	ridge_with_ed	1	train_quantile_0.90	2.25	2.0	0.06451612903225806	0.19354838709677424	-0.12903225806451618	0.33333333333333326
0	RSV-NET	65+ yr	Overall	ridge_with_ed	1	train_quantile_0.90	2.25	5.0	0.11290322580645164	0.41129032258064524	-0.2983870967741936	0.27450980392156865
0	RSV-NET	65+ yr	Overall	ridge_with_ed	1	train_quantile_0.90	2.25	10.0	0.19354838709677427	0.7741935483870969	-0.5806451612903226	0.25000000000000006
0	RSV-NET	65+ yr	Overall	ridge_with_ed	1	train_quantile_0.95	2.65	0.5	0.028225806451612878	0.08467741935483869	-0.05645161290322581	0.3333333333333331
0	RSV-NET	65+ yr	Overall	ridge_with_ed	1	train_quantile_0.95	2.65	1.0	0.048387096774193526	0.12096774193548385	-0.07258064516129031	0.3999999999999999
0	RSV-NET	65+ yr	Overall	ridge_with_ed	1	train_quantile_0.95	2.65	2.0	0.08870967741935482	0.19354838709677413	-0.10483870967741932	0.45833333333333337
0	RSV-NET	65+ yr	Overall	ridge_with_ed	1	train_quantile_0.95	2.65	5.0	0.20967741935483872	0.4112903225806451	-0.20161290322580636	0.5098039215686275
0	RSV-NET	65+ yr	Overall	ridge_with_ed	1	train_quantile_0.95	2.65	10.0	0.41129032258064524	0.7741935483870965	-0.3629032258064513	0.5312500000000002
0	RSV-NET	65+ yr	Overall	ridge_with_ed	2	train_quantile_0.85	2.0	0.5	0.04471544715447151	0.08130081300813011	-0.0365853658536586	0.5499999999999994
0	RSV-NET	65+ yr	Overall	ridge_with_ed	2	train_quantile_0.85	2.0	1.0	0.048780487804878016	0.11382113821138215	-0.06504065040650414	0.42857142857142816
0	RSV-NET	65+ yr	Overall	ridge_with_ed	2	train_quantile_0.85	2.0	2.0	0.056910569105691027	0.1788617886178862	-0.12195121951219517	0.31818181818181795
0	RSV-NET	65+ yr	Overall	ridge_with_ed	2	train_quantile_0.85	2.0	5.0	0.08130081300813005	0.3739837398373984	-0.29268292682926833	0.217391304347826
0	RSV-NET	65+ yr	Overall	ridge_with_ed	2	train_quantile_0.85	2.0	10.0	0.12195121951219512	0.6991869918699187	-0.5772357723577236	0.17441860465116277
0	RSV-NET	65+ yr	Overall	ridge_with_ed	2	train_quantile_0.90	2.25	0.5	0.02439024390243901	0.08130081300813011	-0.056910569105691096	0.29999999999999977
0	RSV-NET	65+ yr	Overall	ridge_with_ed	2	train_quantile_0.90	2.25	1.0	0.03252032520325202	0.11382113821138215	-0.08130081300813014	0.28571428571428553
0	RSV-NET	65+ yr	Overall	ridge_with_ed	2	train_quantile_0.90	2.25	2.0	0.048780487804878044	0.1788617886178862	-0.13008130081300817	0.27272727272727265
0	RSV-NET	65+ yr	Overall	ridge_with_ed	2	train_quantile_0.90	2.25	5.0	0.0975609756097561	0.3739837398373984	-0.27642276422764234	0.2608695652173913
0	RSV-NET	65+ yr	Overall	ridge_with_ed	2	train_quantile_0.90	2.25	10.0	0.1788617886178862	0.6991869918699187	-0.5203252032520325	0.2558139534883721
0	RSV-NET	65+ yr	Overall	ridge_with_ed	2	train_quantile_0.95	2.65	0.5	0.02439024390243904	0.08130081300813008	-0.05691056910569104	0.3000000000000002
0	RSV-NET	65+ yr	Overall	ridge_with_ed	2	train_quantile_0.95	2.65	1.0	0.03252032520325204	0.11382113821138211	-0.08130081300813007	0.2857142857142858
0	RSV-NET	65+ yr	Overall	ridge_with_ed	2	train_quantile_0.95	2.65	2.0	0.04878048780487805	0.17886178861788618	-0.13008130081300812	0.2727272727272727
0	RSV-NET	65+ yr	Overall	ridge_with_ed	2	train_quantile_0.95	2.65	5.0	0.09756097560975606	0.3739837398373984	-0.27642276422764234	0.2608695652173912
0	RSV-NET	65+ yr	Overall	ridge_with_ed	2	train_quantile_0.95	2.65	10.0	0.1788617886178861	0.6991869918699187	-0.5203252032520327	0.255813953488372
0	RSV-NET	65+ yr	Overall	ridge_with_ed	3	train_quantile_0.85	2.0	0.5	0.12704918032786885	0.0819672131147541	0.04508196721311475	1.5499999999999998
0	RSV-NET	65+ yr	Overall	ridge_with_ed	3	train_quantile_0.85	2.0	1.0	0.13114754098360656	0.11475409836065575	0.01639344262295081	1.1428571428571428
0	RSV-NET	65+ yr	Overall	ridge_with_ed	3	train_quantile_0.85	2.0	2.0	0.13934426229508198	0.18032786885245902	-0.04098360655737704	0.7727272727272728
0	RSV-NET	65+ yr	Overall	ridge_with_ed	3	train_quantile_0.85	2.0	5.0	0.1639344262295082	0.37704918032786877	-0.21311475409836056	0.43478260869565233
0	RSV-NET	65+ yr	Overall	ridge_with_ed	3	train_quantile_0.85	2.0	10.0	0.20491803278688528	0.7049180327868851	-0.4999999999999999	0.2906976744186047
0	RSV-NET	65+ yr	Overall	ridge_with_ed	3	train_quantile_0.90	2.25	0.5	0.08196721311475408	0.0819672131147541	-2.7755575615628914e-17	0.9999999999999997
0	RSV-NET	65+ yr	Overall	ridge_with_ed	3	train_quantile_0.90	2.25	1.0	0.0901639344262295	0.11475409836065575	-0.024590163934426257	0.7857142857142855
0	RSV-NET	65+ yr	Overall	ridge_with_ed	3	train_quantile_0.90	2.25	2.0	0.10655737704918032	0.18032786885245902	-0.0737704918032787	0.5909090909090908
0	RSV-NET	65+ yr	Overall	ridge_with_ed	3	train_quantile_0.90	2.25	5.0	0.1557377049180328	0.37704918032786877	-0.22131147540983598	0.4130434782608697
0	RSV-NET	65+ yr	Overall	ridge_with_ed	3	train_quantile_0.90	2.25	10.0	0.23770491803278693	0.7049180327868851	-0.4672131147540982	0.3372093023255815
0	RSV-NET	65+ yr	Overall	ridge_with_ed	3	train_quantile_0.95	2.65	0.5	0.05737704918032785	0.08196721311475413	-0.024590163934426285	0.6999999999999995
0	RSV-NET	65+ yr	Overall	ridge_with_ed	3	train_quantile_0.95	2.65	1.0	0.0901639344262295	0.11475409836065578	-0.024590163934426285	0.7857142857142854
0	RSV-NET	65+ yr	Overall	ridge_with_ed	3	train_quantile_0.95	2.65	2.0	0.15573770491803277	0.18032786885245905	-0.024590163934426285	0.8636363636363633
0	RSV-NET	65+ yr	Overall	ridge_with_ed	3	train_quantile_0.95	2.65	5.0	0.3524590163934426	0.37704918032786894	-0.024590163934426312	0.934782608695652
0	RSV-NET	65+ yr	Overall	ridge_with_ed	3	train_quantile_0.95	2.65	10.0	0.6803278688524591	0.7049180327868854	-0.024590163934426257	0.9651162790697674
0	RSV-NET	65+ yr	Overall	ridge_with_ed	4	train_quantile_0.85	2.0	0.5	0.18595041322314051	0.08264462809917356	0.10330578512396696	2.25
0	RSV-NET	65+ yr	Overall	ridge_with_ed	4	train_quantile_0.85	2.0	1.0	0.19834710743801653	0.11570247933884298	0.08264462809917356	1.7142857142857142
0	RSV-NET	65+ yr	Overall	ridge_with_ed	4	train_quantile_0.85	2.0	2.0	0.22314049586776863	0.18181818181818182	0.041322314049586806	1.2272727272727275
0	RSV-NET	65+ yr	Overall	ridge_with_ed	4	train_quantile_0.85	2.0	5.0	0.2975206611570248	0.3801652892561983	-0.0826446280991735	0.7826086956521741
0	RSV-NET	65+ yr	Overall	ridge_with_ed	4	train_quantile_0.85	2.0	10.0	0.42148760330578516	0.7107438016528925	-0.28925619834710736	0.5930232558139535
0	RSV-NET	65+ yr	Overall	ridge_with_ed	4	train_quantile_0.90	2.25	0.5	0.1487603305785124	0.08264462809917356	0.06611570247933884	1.8
0	RSV-NET	65+ yr	Overall	ridge_with_ed	4	train_quantile_0.90	2.25	1.0	0.1652892561983471	0.11570247933884298	0.049586776859504134	1.4285714285714286
0	RSV-NET	65+ yr	Overall	ridge_with_ed	4	train_quantile_0.90	2.25	2.0	0.19834710743801653	0.18181818181818182	0.01652892561983471	1.0909090909090908
0	RSV-NET	65+ yr	Overall	ridge_with_ed	4	train_quantile_0.90	2.25	5.0	0.2975206611570248	0.3801652892561983	-0.0826446280991735	0.7826086956521741
0	RSV-NET	65+ yr	Overall	ridge_with_ed	4	train_quantile_0.90	2.25	10.0	0.46280991735537197	0.7107438016528925	-0.24793388429752056	0.6511627906976746
0	RSV-NET	65+ yr	Overall	ridge_with_ed	4	train_quantile_0.95	2.65	0.5	0.0950413223140496	0.08264462809917358	0.01239669421487602	1.1499999999999997
0	RSV-NET	65+ yr	Overall	ridge_with_ed	4	train_quantile_0.95	2.65	1.0	0.11570247933884298	0.115702479338843	-2.7755575615628914e-17	0.9999999999999998
0	RSV-NET	65+ yr	Overall	ridge_with_ed	4	train_quantile_0.95	2.65	2.0	0.15702479338842973	0.18181818181818185	-0.024793388429752122	0.8636363636363633
0	RSV-NET	65+ yr	Overall	ridge_with_ed	4	train_quantile_0.95	2.65	5.0	0.28099173553719003	0.3801652892561984	-0.09917355371900838	0.7391304347826084
0	RSV-NET	65+ yr	Overall	ridge_with_ed	4	train_quantile_0.95	2.65	10.0	0.48760330578512384	0.7107438016528926	-0.2231404958677688	0.6860465116279068
4	FluSurv-NET	65+ yr	Overall	seasonal_naive	1	train_quantile_0.85	12.174999999999999	0.5	0.2265625	0.2265625	0.0	1.0
4	FluSurv-NET	65+ yr	Overall	seasonal_naive	1	train_quantile_0.85	12.174999999999999	1.0	0.3125	0.3125	0.0	1.0
4	FluSurv-NET	65+ yr	Overall	seasonal_naive	1	train_quantile_0.85	12.174999999999999	2.0	0.484375	0.484375	0.0	1.0
4	FluSurv-NET	65+ yr	Overall	seasonal_naive	1	train_quantile_0.85	12.174999999999999	5.0	1.0	1.0	0.0	1.0
4	FluSurv-NET	65+ yr	Overall	seasonal_naive	1	train_quantile_0.85	12.174999999999999	10.0	1.859375	1.859375	0.0	1.0
4	FluSurv-NET	65+ yr	Overall	seasonal_naive	1	train_quantile_0.90	14.55	0.5	0.19531249999999997	0.19531249999999997	0.0	1.0
4	FluSurv-NET	65+ yr	Overall	seasonal_naive	1	train_quantile_0.90	14.55	1.0	0.265625	0.265625	0.0	1.0
4	FluSurv-NET	65+ yr	Overall	seasonal_naive	1	train_quantile_0.90	14.55	2.0	0.40625	0.40625	0.0	1.0
4	FluSurv-NET	65+ yr	Overall	seasonal_naive	1	train_quantile_0.90	14.55	5.0	0.828125	0.828125	0.0	1.0
4	FluSurv-NET	65+ yr	Overall	seasonal_naive	1	train_quantile_0.90	14.55	10.0	1.53125	1.53125	0.0	1.0
4	FluSurv-NET	65+ yr	Overall	seasonal_naive	1	train_quantile_0.95	18.325	0.5	0.1796875	0.1796875	0.0	1.0
4	FluSurv-NET	65+ yr	Overall	seasonal_naive	1	train_quantile_0.95	18.325	1.0	0.25	0.25	0.0	1.0
4	FluSurv-NET	65+ yr	Overall	seasonal_naive	1	train_quantile_0.95	18.325	2.0	0.390625	0.390625	0.0	1.0
4	FluSurv-NET	65+ yr	Overall	seasonal_naive	1	train_quantile_0.95	18.325	5.0	0.8125	0.8125	0.0	1.0
4	FluSurv-NET	65+ yr	Overall	seasonal_naive	1	train_quantile_0.95	18.325	10.0	1.515625	1.515625	0.0	1.0
4	FluSurv-NET	65+ yr	Overall	seasonal_naive	2	train_quantile_0.85	12.174999999999999	0.5	0.23387096774193555	0.23387096774193555	0.0	1.0
4	FluSurv-NET	65+ yr	Overall	seasonal_naive	2	train_quantile_0.85	12.174999999999999	1.0	0.32258064516129037	0.32258064516129037	0.0	1.0
4	FluSurv-NET	65+ yr	Overall	seasonal_naive	2	train_quantile_0.85	12.174999999999999	2.0	0.5000000000000001	0.5000000000000001	0.0	1.0
4	FluSurv-NET	65+ yr	Overall	seasonal_naive	2	train_quantile_0.85	12.174999999999999	5.0	1.0322580645161292	1.0322580645161292	0.0	1.0
4	FluSurv-NET	65+ yr	Overall	seasonal_naive	2	train_quantile_0.85	12.174999999999999	10.0	1.919354838709678	1.919354838709678	0.0	1.0
4	FluSurv-NET	65+ yr	Overall	seasonal_naive	2	train_quantile_0.90	14.55	0.5	0.20161290322580644	0.20161290322580644	0.0	1.0
4	FluSurv-NET	65+ yr	Overall	seasonal_naive	2	train_quantile_0.90	14.55	1.0	0.27419354838709675	0.27419354838709675	0.0	1.0
4	FluSurv-NET	65+ yr	Overall	seasonal_naive	2	train_quantile_0.90	14.55	2.0	0.4193548387096774	0.4193548387096774	0.0	1.0
4	FluSurv-NET	65+ yr	Overall	seasonal_naive	2	train_quantile_0.90	14.55	5.0	0.8548387096774193	0.8548387096774193	0.0	1.0
4	FluSurv-NET	65+ yr	Overall	seasonal_naive	2	train_quantile_0.90	14.55	10.0	1.5806451612903225	1.5806451612903225	0.0	1.0
4	FluSurv-NET	65+ yr	Overall	seasonal_naive	2	train_quantile_0.95	18.325	0.5	0.18548387096774194	0.18548387096774194	0.0	1.0
4	FluSurv-NET	65+ yr	Overall	seasonal_naive	2	train_quantile_0.95	18.325	1.0	0.25806451612903225	0.25806451612903225	0.0	1.0
4	FluSurv-NET	65+ yr	Overall	seasonal_naive	2	train_quantile_0.95	18.325	2.0	0.4032258064516129	0.4032258064516129	0.0	1.0
4	FluSurv-NET	65+ yr	Overall	seasonal_naive	2	train_quantile_0.95	18.325	5.0	0.8387096774193548	0.8387096774193548	0.0	1.0
4	FluSurv-NET	65+ yr	Overall	seasonal_naive	2	train_quantile_0.95	18.325	10.0	1.564516129032258	1.564516129032258	0.0	1.0
4	FluSurv-NET	65+ yr	Overall	seasonal_naive	3	train_quantile_0.85	12.174999999999999	0.5	0.24166666666666667	0.24166666666666667	0.0	1.0
4	FluSurv-NET	65+ yr	Overall	seasonal_naive	3	train_quantile_0.85	12.174999999999999	1.0	0.33333333333333337	0.33333333333333337	0.0	1.0
4	FluSurv-NET	65+ yr	Overall	seasonal_naive	3	train_quantile_0.85	12.174999999999999	2.0	0.5166666666666667	0.5166666666666667	0.0	1.0
4	FluSurv-NET	65+ yr	Overall	seasonal_naive	3	train_quantile_0.85	12.174999999999999	5.0	1.0666666666666667	1.0666666666666667	0.0	1.0
4	FluSurv-NET	65+ yr	Overall	seasonal_naive	3	train_quantile_0.85	12.174999999999999	10.0	1.9833333333333334	1.9833333333333334	0.0	1.0
4	FluSurv-NET	65+ yr	Overall	seasonal_naive	3	train_quantile_0.90	14.55	0.5	0.20833333333333331	0.20833333333333331	0.0	1.0
4	FluSurv-NET	65+ yr	Overall	seasonal_naive	3	train_quantile_0.90	14.55	1.0	0.2833333333333333	0.2833333333333333	0.0	1.0
4	FluSurv-NET	65+ yr	Overall	seasonal_naive	3	train_quantile_0.90	14.55	2.0	0.4333333333333333	0.4333333333333333	0.0	1.0
4	FluSurv-NET	65+ yr	Overall	seasonal_naive	3	train_quantile_0.90	14.55	5.0	0.8833333333333333	0.8833333333333333	0.0	1.0
4	FluSurv-NET	65+ yr	Overall	seasonal_naive	3	train_quantile_0.90	14.55	10.0	1.6333333333333333	1.6333333333333333	0.0	1.0
4	FluSurv-NET	65+ yr	Overall	seasonal_naive	3	train_quantile_0.95	18.325	0.5	0.19166666666666665	0.19166666666666665	0.0	1.0
4	FluSurv-NET	65+ yr	Overall	seasonal_naive	3	train_quantile_0.95	18.325	1.0	0.26666666666666666	0.26666666666666666	0.0	1.0
4	FluSurv-NET	65+ yr	Overall	seasonal_naive	3	train_quantile_0.95	18.325	2.0	0.41666666666666663	0.41666666666666663	0.0	1.0
4	FluSurv-NET	65+ yr	Overall	seasonal_naive	3	train_quantile_0.95	18.325	5.0	0.8666666666666667	0.8666666666666667	0.0	1.0
4	FluSurv-NET	65+ yr	Overall	seasonal_naive	3	train_quantile_0.95	18.325	10.0	1.6166666666666667	1.6166666666666667	0.0	1.0
4	FluSurv-NET	65+ yr	Overall	seasonal_naive	4	train_quantile_0.85	12.174999999999999	0.5	0.25	0.25	0.0	1.0
4	FluSurv-NET	65+ yr	Overall	seasonal_naive	4	train_quantile_0.85	12.174999999999999	1.0	0.3448275862068966	0.3448275862068966	0.0	1.0
4	FluSurv-NET	65+ yr	Overall	seasonal_naive	4	train_quantile_0.85	12.174999999999999	2.0	0.5344827586206897	0.5344827586206897	0.0	1.0
4	FluSurv-NET	65+ yr	Overall	seasonal_naive	4	train_quantile_0.85	12.174999999999999	5.0	1.1034482758620692	1.1034482758620692	0.0	1.0
4	FluSurv-NET	65+ yr	Overall	seasonal_naive	4	train_quantile_0.85	12.174999999999999	10.0	2.0517241379310347	2.0517241379310347	0.0	1.0
4	FluSurv-NET	65+ yr	Overall	seasonal_naive	4	train_quantile_0.90	14.55	0.5	0.21551724137931033	0.21551724137931033	0.0	1.0
4	FluSurv-NET	65+ yr	Overall	seasonal_naive	4	train_quantile_0.90	14.55	1.0	0.2931034482758621	0.2931034482758621	0.0	1.0
4	FluSurv-NET	65+ yr	Overall	seasonal_naive	4	train_quantile_0.90	14.55	2.0	0.4482758620689655	0.4482758620689655	0.0	1.0
4	FluSurv-NET	65+ yr	Overall	seasonal_naive	4	train_quantile_0.90	14.55	5.0	0.9137931034482758	0.9137931034482758	0.0	1.0
4	FluSurv-NET	65+ yr	Overall	seasonal_naive	4	train_quantile_0.90	14.55	10.0	1.6896551724137931	1.6896551724137931	0.0	1.0
4	FluSurv-NET	65+ yr	Overall	seasonal_naive	4	train_quantile_0.95	18.325	0.5	0.1982758620689655	0.1982758620689655	0.0	1.0
4	FluSurv-NET	65+ yr	Overall	seasonal_naive	4	train_quantile_0.95	18.325	1.0	0.27586206896551724	0.27586206896551724	0.0	1.0
4	FluSurv-NET	65+ yr	Overall	seasonal_naive	4	train_quantile_0.95	18.325	2.0	0.43103448275862066	0.43103448275862066	0.0	1.0
4	FluSurv-NET	65+ yr	Overall	seasonal_naive	4	train_quantile_0.95	18.325	5.0	0.896551724137931	0.896551724137931	0.0	1.0
4	FluSurv-NET	65+ yr	Overall	seasonal_naive	4	train_quantile_0.95	18.325	10.0	1.6724137931034482	1.6724137931034482	0.0	1.0
4	FluSurv-NET	65+ yr	Overall	ridge_univariate	1	train_quantile_0.85	12.174999999999999	0.5	0.02419354838709677	0.23387096774193555	-0.20967741935483877	0.10344827586206892
4	FluSurv-NET	65+ yr	Overall	ridge_univariate	1	train_quantile_0.85	12.174999999999999	1.0	0.04838709677419354	0.32258064516129037	-0.2741935483870968	0.14999999999999994
4	FluSurv-NET	65+ yr	Overall	ridge_univariate	1	train_quantile_0.85	12.174999999999999	2.0	0.09677419354838708	0.5000000000000001	-0.40322580645161304	0.1935483870967741
4	FluSurv-NET	65+ yr	Overall	ridge_univariate	1	train_quantile_0.85	12.174999999999999	5.0	0.2419354838709677	1.0322580645161292	-0.7903225806451615	0.23437499999999992
4	FluSurv-NET	65+ yr	Overall	ridge_univariate	1	train_quantile_0.85	12.174999999999999	10.0	0.4838709677419354	1.919354838709678	-1.4354838709677424	0.25210084033613434
4	FluSurv-NET	65+ yr	Overall	ridge_univariate	1	train_quantile_0.90	14.55	0.5	0.04032258064516128	0.20161290322580644	-0.16129032258064516	0.19999999999999998
4	FluSurv-NET	65+ yr	Overall	ridge_univariate	1	train_quantile_0.90	14.55	1.0	0.06451612903225805	0.27419354838709675	-0.2096774193548387	0.2352941176470588
4	FluSurv-NET	65+ yr	Overall	ridge_univariate	1	train_quantile_0.90	14.55	2.0	0.1129032258064516	0.4193548387096774	-0.30645161290322576	0.2692307692307692
4	FluSurv-NET	65+ yr	Overall	ridge_univariate	1	train_quantile_0.90	14.55	5.0	0.25806451612903225	0.8548387096774193	-0.596774193548387	0.30188679245283023
4	FluSurv-NET	65+ yr	Overall	ridge_univariate	1	train_quantile_0.90	14.55	10.0	0.5	1.5806451612903225	-1.0806451612903225	0.3163265306122449
4	FluSurv-NET	65+ yr	Overall	ridge_univariate	1	train_quantile_0.95	18.325	0.5	0.07258064516129029	0.18548387096774194	-0.11290322580645165	0.39130434782608675
4	FluSurv-NET	65+ yr	Overall	ridge_univariate	1	train_quantile_0.95	18.325	1.0	0.11290322580645157	0.25806451612903225	-0.14516129032258068	0.43749999999999983
4	FluSurv-NET	65+ yr	Overall	ridge_univariate	1	train_quantile_0.95	18.325	2.0	0.19354838709677413	0.4032258064516129	-0.20967741935483875	0.47999999999999987
4	FluSurv-NET	65+ yr	Overall	ridge_univariate	1	train_quantile_0.95	18.325	5.0	0.4354838709677418	0.8387096774193548	-0.40322580645161293	0.5192307692307692
4	FluSurv-NET	65+ yr	Overall	ridge_univariate	1	train_quantile_0.95	18.325	10.0	0.8387096774193546	1.564516129032258	-0.7258064516129034	0.536082474226804
4	FluSurv-NET	65+ yr	Overall	ridge_univariate	2	train_quantile_0.85	12.174999999999999	0.5	0.07500000000000004	0.24166666666666667	-0.16666666666666663	0.3103448275862071
4	FluSurv-NET	65+ yr	Overall	ridge_univariate	2	train_quantile_0.85	12.174999999999999	1.0	0.1166666666666667	0.33333333333333337	-0.21666666666666667	0.35000000000000003
4	FluSurv-NET	65+ yr	Overall	ridge_univariate	2	train_quantile_0.85	12.174999999999999	2.0	0.2	0.5166666666666667	-0.3166666666666667	0.3870967741935484
4	FluSurv-NET	65+ yr	Overall	ridge_univariate	2	train_quantile_0.85	12.174999999999999	5.0	0.45	1.0666666666666667	-0.6166666666666667	0.421875
4	FluSurv-NET	65+ yr	Overall	ridge_univariate	2	train_quantile_0.85	12.174999999999999	10.0	0.8666666666666666	1.9833333333333334	-1.1166666666666667	0.43697478991596633
4	FluSurv-NET	65+ yr	Overall	ridge_univariate	2	train_quantile_0.90	14.55	0.5	0.08333333333333331	0.20833333333333331	-0.125	0.39999999999999997
4	FluSurv-NET	65+ yr	Overall	ridge_univariate	2	train_quantile_0.90	14.55	1.0	0.1333333333333333	0.2833333333333333	-0.15000000000000002	0.47058823529411753
4	FluSurv-NET	65+ yr	Overall	ridge_univariate	2	train_quantile_0.90	14.55	2.0	0.2333333333333333	0.4333333333333333	-0.19999999999999998	0.5384615384615384
4	FluSurv-NET	65+ yr	Overall	ridge_univariate	2	train_quantile_0.90	14.55	5.0	0.5333333333333333	0.8833333333333333	-0.35	0.6037735849056604
4	FluSurv-NET	65+ yr	Overall	ridge_univariate	2	train_quantile_0.90	14.55	10.0	1.0333333333333332	1.6333333333333333	-0.6000000000000001	0.6326530612244897
4	FluSurv-NET	65+ yr	Overall	ridge_univariate	2	train_quantile_0.95	18.325	0.5	0.12500000000000006	0.19166666666666665	-0.0666666666666666	0.6521739130434786
4	FluSurv-NET	65+ yr	Overall	ridge_univariate	2	train_quantile_0.95	18.325	1.0	0.18333333333333338	0.26666666666666666	-0.08333333333333329	0.6875000000000002
4	FluSurv-NET	65+ yr	Overall	ridge_univariate	2	train_quantile_0.95	18.325	2.0	0.30000000000000004	0.41666666666666663	-0.11666666666666659	0.7200000000000002
4	FluSurv-NET	65+ yr	Overall	ridge_univariate	2	train_quantile_0.95	18.325	5.0	0.6500000000000001	0.8666666666666667	-0.21666666666666656	0.7500000000000001
4	FluSurv-NET	65+ yr	Overall	ridge_univariate	2	train_quantile_0.95	18.325	10.0	1.2333333333333334	1.6166666666666667	-0.3833333333333333	0.7628865979381444
4	FluSurv-NET	65+ yr	Overall	ridge_univariate	3	train_quantile_0.85	12.174999999999999	0.5	0.11206896551724135	0.25	-0.13793103448275865	0.4482758620689654
4	FluSurv-NET	65+ yr	Overall	ridge_univariate	3	train_quantile_0.85	12.174999999999999	1.0	0.17241379310344823	0.3448275862068966	-0.17241379310344834	0.49999999999999983
4	FluSurv-NET	65+ yr	Overall	ridge_univariate	3	train_quantile_0.85	12.174999999999999	2.0	0.29310344827586204	0.5344827586206897	-0.24137931034482768	0.5483870967741934
4	FluSurv-NET	65+ yr	Overall	ridge_univariate	3	train_quantile_0.85	12.174999999999999	5.0	0.6551724137931034	1.1034482758620692	-0.44827586206896575	0.5937499999999999
4	FluSurv-NET	65+ yr	Overall	ridge_univariate	3	train_quantile_0.85	12.174999999999999	10.0	1.2586206896551724	2.0517241379310347	-0.7931034482758623	0.6134453781512604
4	FluSurv-NET	65+ yr	Overall	ridge_univariate	3	train_quantile_0.90	14.55	0.5	0.12068965517241377	0.21551724137931033	-0.09482758620689656	0.5599999999999999
4	FluSurv-NET	65+ yr	Overall	ridge_univariate	3	train_quantile_0.90	14.55	1.0	0.1896551724137931	0.2931034482758621	-0.103448275862069	0.6470588235294117
4	FluSurv-NET	65+ yr	Overall	ridge_univariate	3	train_quantile_0.90	14.55	2.0	0.3275862068965517	0.4482758620689655	-0.12068965517241381	0.7307692307692307
4	FluSurv-NET	65+ yr	Overall	ridge_univariate	3	train_quantile_0.90	14.55	5.0	0.7413793103448276	0.9137931034482758	-0.17241379310344818	0.8113207547169812
4	FluSurv-NET	65+ yr	Overall	ridge_univariate	3	train_quantile_0.90	14.55	10.0	1.4310344827586208	1.6896551724137931	-0.2586206896551724	0.8469387755102041
4	FluSurv-NET	65+ yr	Overall	ridge_univariate	3	train_quantile_0.95	18.325	0.5	0.15517241379310348	0.1982758620689655	-0.043103448275862016	0.7826086956521742
4	FluSurv-NET	65+ yr	Overall	ridge_univariate	3	train_quantile_0.95	18.325	1.0	0.24137931034482762	0.27586206896551724	-0.03448275862068961	0.8750000000000001
4	FluSurv-NET	65+ yr	Overall	ridge_univariate	3	train_quantile_0.95	18.325	2.0	0.4137931034482759	0.43103448275862066	-0.01724137931034475	0.9600000000000002
4	FluSurv-NET	65+ yr	Overall	ridge_univariate	3	train_quantile_0.95	18.325	5.0	0.9310344827586208	0.896551724137931	0.034482758620689724	1.0384615384615385
4	FluSurv-NET	65+ yr	Overall	ridge_univariate	3	train_quantile_0.95	18.325	10.0	1.793103448275862	1.6724137931034482	0.12068965517241392	1.0721649484536084
4	FluSurv-NET	65+ yr	Overall	ridge_univariate	4	train_quantile_0.85	12.174999999999999	0.5	0.13392857142857145	0.2589285714285714	-0.12499999999999994	0.517241379310345
4	FluSurv-NET	65+ yr	Overall	ridge_univariate	4	train_quantile_0.85	12.174999999999999	1.0	0.2142857142857143	0.35714285714285715	-0.14285714285714285	0.6
4	FluSurv-NET	65+ yr	Overall	ridge_univariate	4	train_quantile_0.85	12.174999999999999	2.0	0.37500000000000006	0.5535714285714286	-0.17857142857142855	0.6774193548387097
4	FluSurv-NET	65+ yr	Overall	ridge_univariate	4	train_quantile_0.85	12.174999999999999	5.0	0.8571428571428572	1.1428571428571428	-0.2857142857142856	0.7500000000000001
4	FluSurv-NET	65+ yr	Overall	ridge_univariate	4	train_quantile_0.85	12.174999999999999	10.0	1.6607142857142858	2.125	-0.4642857142857142	0.7815126050420168
4	FluSurv-NET	65+ yr	Overall	ridge_univariate	4	train_quantile_0.90	14.55	0.5	0.16964285714285712	0.22321428571428567	-0.05357142857142855	0.76
4	FluSurv-NET	65+ yr	Overall	ridge_univariate	4	train_quantile_0.90	14.55	1.0	0.26785714285714285	0.3035714285714285	-0.03571428571428564	0.8823529411764708
4	FluSurv-NET	65+ yr	Overall	ridge_univariate	4	train_quantile_0.90	14.55	2.0	0.46428571428571425	0.4642857142857142	5.551115123125783e-17	1.0000000000000002
4	FluSurv-NET	65+ yr	Overall	ridge_univariate	4	train_quantile_0.90	14.55	5.0	1.0535714285714286	0.9464285714285713	0.10714285714285732	1.1132075471698115
4	FluSurv-NET	65+ yr	Overall	ridge_univariate	4	train_quantile_0.90	14.55	10.0	2.0357142857142856	1.7499999999999998	0.2857142857142858	1.1632653061224492
4	FluSurv-NET	65+ yr	Overall	ridge_univariate	4	train_quantile_0.95	18.325	0.5	0.16964285714285715	0.20535714285714282	-0.03571428571428567	0.8260869565217394
4	FluSurv-NET	65+ yr	Overall	ridge_univariate	4	train_quantile_0.95	18.325	1.0	0.26785714285714285	0.2857142857142857	-0.01785714285714285	0.9375
4	FluSurv-NET	65+ yr	Overall	ridge_univariate	4	train_quantile_0.95	18.325	2.0	0.4642857142857143	0.4464285714285714	0.017857142857142905	1.04
4	FluSurv-NET	65+ yr	Overall	ridge_univariate	4	train_quantile_0.95	18.325	5.0	1.0535714285714286	0.9285714285714285	0.1250000000000001	1.1346153846153848
4	FluSurv-NET	65+ yr	Overall	ridge_univariate	4	train_quantile_0.95	18.325	10.0	2.0357142857142856	1.732142857142857	0.3035714285714286	1.175257731958763
4	FluSurv-NET	65+ yr	Overall	ridge_with_ed	1	train_quantile_0.85	12.174999999999999	0.5	0.042372881355932215	0.24576271186440674	-0.20338983050847453	0.17241379310344834
4	FluSurv-NET	65+ yr	Overall	ridge_with_ed	1	train_quantile_0.85	12.174999999999999	1.0	0.06779661016949153	0.3389830508474576	-0.2711864406779661	0.2
4	FluSurv-NET	65+ yr	Overall	ridge_with_ed	1	train_quantile_0.85	12.174999999999999	2.0	0.11864406779661016	0.5254237288135594	-0.4067796610169492	0.2258064516129032
4	FluSurv-NET	65+ yr	Overall	ridge_with_ed	1	train_quantile_0.85	12.174999999999999	5.0	0.27118644067796605	1.0847457627118646	-0.8135593220338986	0.2499999999999999
4	FluSurv-NET	65+ yr	Overall	ridge_with_ed	1	train_quantile_0.85	12.174999999999999	10.0	0.5254237288135593	2.0169491525423733	-1.491525423728814	0.2605042016806722
4	FluSurv-NET	65+ yr	Overall	ridge_with_ed	1	train_quantile_0.90	14.55	0.5	0.042372881355932236	0.211864406779661	-0.16949152542372878	0.20000000000000018
4	FluSurv-NET	65+ yr	Overall	ridge_with_ed	1	train_quantile_0.90	14.55	1.0	0.06779661016949157	0.288135593220339	-0.22033898305084743	0.23529411764705896
4	FluSurv-NET	65+ yr	Overall	ridge_with_ed	1	train_quantile_0.90	14.55	2.0	0.11864406779661021	0.44067796610169496	-0.3220338983050848	0.26923076923076933
4	FluSurv-NET	65+ yr	Overall	ridge_with_ed	1	train_quantile_0.90	14.55	5.0	0.2711864406779661	0.8983050847457628	-0.6271186440677967	0.3018867924528302
4	FluSurv-NET	65+ yr	Overall	ridge_with_ed	1	train_quantile_0.90	14.55	10.0	0.5254237288135594	1.6610169491525426	-1.1355932203389831	0.31632653061224486
4	FluSurv-NET	65+ yr	Overall	ridge_with_ed	1	train_quantile_0.95	18.325	0.5	0.07627118644067793	0.19491525423728812	-0.11864406779661019	0.3913043478260868
4	FluSurv-NET	65+ yr	Overall	ridge_with_ed	1	train_quantile_0.95	18.325	1.0	0.11864406779661013	0.2711864406779661	-0.15254237288135597	0.43749999999999983
4	FluSurv-NET	65+ yr	Overall	ridge_with_ed	1	train_quantile_0.95	18.325	2.0	0.20338983050847453	0.423728813559322	-0.22033898305084748	0.4799999999999999
4	FluSurv-NET	65+ yr	Overall	ridge_with_ed	1	train_quantile_0.95	18.325	5.0	0.45762711864406774	0.8813559322033898	-0.42372881355932207	0.5192307692307692
4	FluSurv-NET	65+ yr	Overall	ridge_with_ed	1	train_quantile_0.95	18.325	10.0	0.8813559322033897	1.6440677966101693	-0.7627118644067796	0.5360824742268041
4	FluSurv-NET	65+ yr	Overall	ridge_with_ed	2	train_quantile_0.85	12.174999999999999	0.5	0.09482758620689652	0.25	-0.15517241379310348	0.3793103448275861
4	FluSurv-NET	65+ yr	Overall	ridge_with_ed	2	train_quantile_0.85	12.174999999999999	1.0	0.1379310344827586	0.3448275862068966	-0.20689655172413798	0.3999999999999999
4	FluSurv-NET	65+ yr	Overall	ridge_with_ed	2	train_quantile_0.85	12.174999999999999	2.0	0.22413793103448273	0.5344827586206897	-0.31034482758620696	0.4193548387096773
4	FluSurv-NET	65+ yr	Overall	ridge_with_ed	2	train_quantile_0.85	12.174999999999999	5.0	0.4827586206896552	1.1034482758620692	-0.6206896551724139	0.43749999999999994
4	FluSurv-NET	65+ yr	Overall	ridge_with_ed	2	train_quantile_0.85	12.174999999999999	10.0	0.9137931034482759	2.0517241379310347	-1.137931034482759	0.4453781512605042
4	FluSurv-NET	65+ yr	Overall	ridge_with_ed	2	train_quantile_0.90	14.55	0.5	0.11206896551724138	0.21551724137931033	-0.10344827586206895	0.52
4	FluSurv-NET	65+ yr	Overall	ridge_with_ed	2	train_quantile_0.90	14.55	1.0	0.15517241379310345	0.2931034482758621	-0.13793103448275865	0.5294117647058824
4	FluSurv-NET	65+ yr	Overall	ridge_with_ed	2	train_quantile_0.90	14.55	2.0	0.2413793103448276	0.4482758620689655	-0.20689655172413793	0.5384615384615384
4	FluSurv-NET	65+ yr	Overall	ridge_with_ed	2	train_quantile_0.90	14.55	5.0	0.5	0.9137931034482758	-0.4137931034482758	0.5471698113207547
4	FluSurv-NET	65+ yr	Overall	ridge_with_ed	2	train_quantile_0.90	14.55	10.0	0.9310344827586208	1.6896551724137931	-0.7586206896551724	0.5510204081632654
4	FluSurv-NET	65+ yr	Overall	ridge_with_ed	2	train_quantile_0.95	18.325	0.5	0.12931034482758622	0.1982758620689655	-0.06896551724137928	0.6521739130434784
4	FluSurv-NET	65+ yr	Overall	ridge_with_ed	2	train_quantile_0.95	18.325	1.0	0.18965517241379312	0.27586206896551724	-0.08620689655172412	0.6875000000000001
4	FluSurv-NET	65+ yr	Overall	ridge_with_ed	2	train_quantile_0.95	18.325	2.0	0.3103448275862069	0.43103448275862066	-0.12068965517241376	0.7200000000000001
4	FluSurv-NET	65+ yr	Overall	ridge_with_ed	2	train_quantile_0.95	18.325	5.0	0.6724137931034483	0.896551724137931	-0.22413793103448276	0.75
4	FluSurv-NET	65+ yr	Overall	ridge_with_ed	2	train_quantile_0.95	18.325	10.0	1.2758620689655171	1.6724137931034482	-0.39655172413793105	0.7628865979381443
4	FluSurv-NET	65+ yr	Overall	ridge_with_ed	3	train_quantile_0.85	12.174999999999999	0.5	0.12280701754385967	0.25438596491228066	-0.131578947368421	0.48275862068965536
4	FluSurv-NET	65+ yr	Overall	ridge_with_ed	3	train_quantile_0.85	12.174999999999999	1.0	0.2105263157894737	0.3508771929824561	-0.14035087719298242	0.6000000000000001
4	FluSurv-NET	65+ yr	Overall	ridge_with_ed	3	train_quantile_0.85	12.174999999999999	2.0	0.38596491228070173	0.543859649122807	-0.1578947368421053	0.7096774193548386
4	FluSurv-NET	65+ yr	Overall	ridge_with_ed	3	train_quantile_0.85	12.174999999999999	5.0	0.9122807017543859	1.1228070175438598	-0.2105263157894739	0.8124999999999999
4	FluSurv-NET	65+ yr	Overall	ridge_with_ed	3	train_quantile_0.85	12.174999999999999	10.0	1.7894736842105263	2.0877192982456143	-0.298245614035088	0.857142857142857
4	FluSurv-NET	65+ yr	Overall	ridge_with_ed	3	train_quantile_0.90	14.55	0.5	0.12280701754385967	0.21929824561403505	-0.09649122807017538	0.5600000000000002
4	FluSurv-NET	65+ yr	Overall	ridge_with_ed	3	train_quantile_0.90	14.55	1.0	0.2105263157894737	0.29824561403508765	-0.08771929824561395	0.7058823529411767
4	FluSurv-NET	65+ yr	Overall	ridge_with_ed	3	train_quantile_0.90	14.55	2.0	0.3859649122807018	0.45614035087719296	-0.07017543859649117	0.8461538461538463
4	FluSurv-NET	65+ yr	Overall	ridge_with_ed	3	train_quantile_0.90	14.55	5.0	0.9122807017543859	0.9298245614035088	-0.01754385964912286	0.981132075471698
4	FluSurv-NET	65+ yr	Overall	ridge_with_ed	3	train_quantile_0.90	14.55	10.0	1.7894736842105263	1.719298245614035	0.07017543859649122	1.0408163265306123
4	FluSurv-NET	65+ yr	Overall	ridge_with_ed	3	train_quantile_0.95	18.325	0.5	0.17543859649122812	0.20175438596491224	-0.026315789473684126	0.8695652173913048
4	FluSurv-NET	65+ yr	Overall	ridge_with_ed	3	train_quantile_0.95	18.325	1.0	0.28070175438596495	0.28070175438596484	1.1102230246251565e-16	1.0000000000000004
4	FluSurv-NET	65+ yr	Overall	ridge_with_ed	3	train_quantile_0.95	18.325	2.0	0.4912280701754387	0.4385964912280701	0.052631578947368585	1.1200000000000003
4	FluSurv-NET	65+ yr	Overall	ridge_with_ed	3	train_quantile_0.95	18.325	5.0	1.1228070175438598	0.9122807017543857	0.21052631578947412	1.2307692307692313
4	FluSurv-NET	65+ yr	Overall	ridge_with_ed	3	train_quantile_0.95	18.325	10.0	2.1754385964912286	1.7017543859649118	0.4736842105263168	1.2783505154639183
4	FluSurv-NET	65+ yr	Overall	ridge_with_ed	4	train_quantile_0.85	12.174999999999999	0.5	0.22321428571428575	0.2589285714285714	-0.03571428571428564	0.8620689655172417
4	FluSurv-NET	65+ yr	Overall	ridge_with_ed	4	train_quantile_0.85	12.174999999999999	1.0	0.3392857142857143	0.35714285714285715	-0.01785714285714285	0.9500000000000001
4	FluSurv-NET	65+ yr	Overall	ridge_with_ed	4	train_quantile_0.85	12.174999999999999	2.0	0.5714285714285715	0.5535714285714286	0.017857142857142905	1.0322580645161292
4	FluSurv-NET	65+ yr	Overall	ridge_with_ed	4	train_quantile_0.85	12.174999999999999	5.0	1.267857142857143	1.1428571428571428	0.12500000000000022	1.1093750000000002
4	FluSurv-NET	65+ yr	Overall	ridge_with_ed	4	train_quantile_0.85	12.174999999999999	10.0	2.428571428571429	2.125	0.3035714285714288	1.142857142857143
4	FluSurv-NET	65+ yr	Overall	ridge_with_ed	4	train_quantile_0.90	14.55	0.5	0.2410714285714286	0.22321428571428567	0.017857142857142932	1.0800000000000003
4	FluSurv-NET	65+ yr	Overall	ridge_with_ed	4	train_quantile_0.90	14.55	1.0	0.375	0.3035714285714285	0.07142857142857151	1.235294117647059
4	FluSurv-NET	65+ yr	Overall	ridge_with_ed	4	train_quantile_0.90	14.55	2.0	0.6428571428571429	0.4642857142857142	0.17857142857142871	1.384615384615385
4	FluSurv-NET	65+ yr	Overall	ridge_with_ed	4	train_quantile_0.90	14.55	5.0	1.4464285714285714	0.9464285714285713	0.5000000000000001	1.528301886792453
4	FluSurv-NET	65+ yr	Overall	ridge_with_ed	4	train_quantile_0.90	14.55	10.0	2.7857142857142856	1.7499999999999998	1.0357142857142858	1.5918367346938778
4	FluSurv-NET	65+ yr	Overall	ridge_with_ed	4	train_quantile_0.95	18.325	0.5	0.17857142857142855	0.20535714285714282	-0.026785714285714274	0.8695652173913044
4	FluSurv-NET	65+ yr	Overall	ridge_with_ed	4	train_quantile_0.95	18.325	1.0	0.30357142857142855	0.2857142857142857	0.01785714285714285	1.0625
4	FluSurv-NET	65+ yr	Overall	ridge_with_ed	4	train_quantile_0.95	18.325	2.0	0.5535714285714286	0.4464285714285714	0.1071428571428572	1.2400000000000002
4	FluSurv-NET	65+ yr	Overall	ridge_with_ed	4	train_quantile_0.95	18.325	5.0	1.3035714285714286	0.9285714285714285	0.3750000000000001	1.403846153846154
4	FluSurv-NET	65+ yr	Overall	ridge_with_ed	4	train_quantile_0.95	18.325	10.0	2.5535714285714284	1.732142857142857	0.8214285714285714	1.4742268041237114
4	FluSurv-NET	65+ yr	Overall	ridge_with_signals	1	train_quantile_0.85	12.174999999999999	0.5	0.07258064516129036	0.23387096774193555	-0.16129032258064518	0.31034482758620696
4	FluSurv-NET	65+ yr	Overall	ridge_with_signals	1	train_quantile_0.85	12.174999999999999	1.0	0.09677419354838712	0.32258064516129037	-0.22580645161290325	0.30000000000000004
4	FluSurv-NET	65+ yr	Overall	ridge_with_signals	1	train_quantile_0.85	12.174999999999999	2.0	0.14516129032258068	0.5000000000000001	-0.35483870967741943	0.2903225806451613
4	FluSurv-NET	65+ yr	Overall	ridge_with_signals	1	train_quantile_0.85	12.174999999999999	5.0	0.29032258064516125	1.0322580645161292	-0.741935483870968	0.2812499999999999
4	FluSurv-NET	65+ yr	Overall	ridge_with_signals	1	train_quantile_0.85	12.174999999999999	10.0	0.532258064516129	1.919354838709678	-1.387096774193549	0.2773109243697478
4	FluSurv-NET	65+ yr	Overall	ridge_with_signals	1	train_quantile_0.90	14.55	0.5	0.04032258064516128	0.20161290322580644	-0.16129032258064516	0.19999999999999998
4	FluSurv-NET	65+ yr	Overall	ridge_with_signals	1	train_quantile_0.90	14.55	1.0	0.06451612903225805	0.27419354838709675	-0.2096774193548387	0.2352941176470588
4	FluSurv-NET	65+ yr	Overall	ridge_with_signals	1	train_quantile_0.90	14.55	2.0	0.1129032258064516	0.4193548387096774	-0.30645161290322576	0.2692307692307692
4	FluSurv-NET	65+ yr	Overall	ridge_with_signals	1	train_quantile_0.90	14.55	5.0	0.25806451612903225	0.8548387096774193	-0.596774193548387	0.30188679245283023
4	FluSurv-NET	65+ yr	Overall	ridge_with_signals	1	train_quantile_0.90	14.55	10.0	0.5	1.5806451612903225	-1.0806451612903225	0.3163265306122449
4	FluSurv-NET	65+ yr	Overall	ridge_with_signals	1	train_quantile_0.95	18.325	0.5	0.07258064516129029	0.18548387096774194	-0.11290322580645165	0.39130434782608675
4	FluSurv-NET	65+ yr	Overall	ridge_with_signals	1	train_quantile_0.95	18.325	1.0	0.11290322580645157	0.25806451612903225	-0.14516129032258068	0.43749999999999983
4	FluSurv-NET	65+ yr	Overall	ridge_with_signals	1	train_quantile_0.95	18.325	2.0	0.19354838709677413	0.4032258064516129	-0.20967741935483875	0.47999999999999987
4	FluSurv-NET	65+ yr	Overall	ridge_with_signals	1	train_quantile_0.95	18.325	5.0	0.4354838709677418	0.8387096774193548	-0.40322580645161293	0.5192307692307692
4	FluSurv-NET	65+ yr	Overall	ridge_with_signals	1	train_quantile_0.95	18.325	10.0	0.8387096774193546	1.564516129032258	-0.7258064516129034	0.536082474226804
4	FluSurv-NET	65+ yr	Overall	ridge_with_signals	2	train_quantile_0.85	12.174999999999999	0.5	0.08333333333333337	0.24166666666666667	-0.1583333333333333	0.3448275862068967
4	FluSurv-NET	65+ yr	Overall	ridge_with_signals	2	train_quantile_0.85	12.174999999999999	1.0	0.13333333333333336	0.33333333333333337	-0.2	0.4
4	FluSurv-NET	65+ yr	Overall	ridge_with_signals	2	train_quantile_0.85	12.174999999999999	2.0	0.2333333333333334	0.5166666666666667	-0.2833333333333333	0.4516129032258065
4	FluSurv-NET	65+ yr	Overall	ridge_with_signals	2	train_quantile_0.85	12.174999999999999	5.0	0.5333333333333333	1.0666666666666667	-0.5333333333333333	0.5
4	FluSurv-NET	65+ yr	Overall	ridge_with_signals	2	train_quantile_0.85	12.174999999999999	10.0	1.0333333333333334	1.9833333333333334	-0.95	0.5210084033613446
4	FluSurv-NET	65+ yr	Overall	ridge_with_signals	2	train_quantile_0.90	14.55	0.5	0.08333333333333331	0.20833333333333331	-0.125	0.39999999999999997
4	FluSurv-NET	65+ yr	Overall	ridge_with_signals	2	train_quantile_0.90	14.55	1.0	0.1333333333333333	0.2833333333333333	-0.15000000000000002	0.47058823529411753
4	FluSurv-NET	65+ yr	Overall	ridge_with_signals	2	train_quantile_0.90	14.55	2.0	0.2333333333333333	0.4333333333333333	-0.19999999999999998	0.5384615384615384
4	FluSurv-NET	65+ yr	Overall	ridge_with_signals	2	train_quantile_0.90	14.55	5.0	0.5333333333333333	0.8833333333333333	-0.35	0.6037735849056604
4	FluSurv-NET	65+ yr	Overall	ridge_with_signals	2	train_quantile_0.90	14.55	10.0	1.0333333333333332	1.6333333333333333	-0.6000000000000001	0.6326530612244897
4	FluSurv-NET	65+ yr	Overall	ridge_with_signals	2	train_quantile_0.95	18.325	0.5	0.12500000000000006	0.19166666666666665	-0.0666666666666666	0.6521739130434786
4	FluSurv-NET	65+ yr	Overall	ridge_with_signals	2	train_quantile_0.95	18.325	1.0	0.18333333333333338	0.26666666666666666	-0.08333333333333329	0.6875000000000002
4	FluSurv-NET	65+ yr	Overall	ridge_with_signals	2	train_quantile_0.95	18.325	2.0	0.30000000000000004	0.41666666666666663	-0.11666666666666659	0.7200000000000002
4	FluSurv-NET	65+ yr	Overall	ridge_with_signals	2	train_quantile_0.95	18.325	5.0	0.6500000000000001	0.8666666666666667	-0.21666666666666656	0.7500000000000001
4	FluSurv-NET	65+ yr	Overall	ridge_with_signals	2	train_quantile_0.95	18.325	10.0	1.2333333333333334	1.6166666666666667	-0.3833333333333333	0.7628865979381444
4	FluSurv-NET	65+ yr	Overall	ridge_with_signals	3	train_quantile_0.85	12.174999999999999	0.5	0.12068965517241376	0.25	-0.12931034482758624	0.482758620689655
4	FluSurv-NET	65+ yr	Overall	ridge_with_signals	3	train_quantile_0.85	12.174999999999999	1.0	0.18965517241379307	0.3448275862068966	-0.1551724137931035	0.5499999999999998
4	FluSurv-NET	65+ yr	Overall	ridge_with_signals	3	train_quantile_0.85	12.174999999999999	2.0	0.3275862068965517	0.5344827586206897	-0.206896551724138	0.6129032258064515
4	FluSurv-NET	65+ yr	Overall	ridge_with_signals	3	train_quantile_0.85	12.174999999999999	5.0	0.7413793103448276	1.1034482758620692	-0.36206896551724155	0.6718749999999999
4	FluSurv-NET	65+ yr	Overall	ridge_with_signals	3	train_quantile_0.85	12.174999999999999	10.0	1.4310344827586208	2.0517241379310347	-0.6206896551724139	0.6974789915966386
4	FluSurv-NET	65+ yr	Overall	ridge_with_signals	3	train_quantile_0.90	14.55	0.5	0.12068965517241377	0.21551724137931033	-0.09482758620689656	0.5599999999999999
4	FluSurv-NET	65+ yr	Overall	ridge_with_signals	3	train_quantile_0.90	14.55	1.0	0.1896551724137931	0.2931034482758621	-0.103448275862069	0.6470588235294117
4	FluSurv-NET	65+ yr	Overall	ridge_with_signals	3	train_quantile_0.90	14.55	2.0	0.3275862068965517	0.4482758620689655	-0.12068965517241381	0.7307692307692307
4	FluSurv-NET	65+ yr	Overall	ridge_with_signals	3	train_quantile_0.90	14.55	5.0	0.7413793103448276	0.9137931034482758	-0.17241379310344818	0.8113207547169812
4	FluSurv-NET	65+ yr	Overall	ridge_with_signals	3	train_quantile_0.90	14.55	10.0	1.4310344827586208	1.6896551724137931	-0.2586206896551724	0.8469387755102041
4	FluSurv-NET	65+ yr	Overall	ridge_with_signals	3	train_quantile_0.95	18.325	0.5	0.15517241379310348	0.1982758620689655	-0.043103448275862016	0.7826086956521742
4	FluSurv-NET	65+ yr	Overall	ridge_with_signals	3	train_quantile_0.95	18.325	1.0	0.24137931034482762	0.27586206896551724	-0.03448275862068961	0.8750000000000001
4	FluSurv-NET	65+ yr	Overall	ridge_with_signals	3	train_quantile_0.95	18.325	2.0	0.4137931034482759	0.43103448275862066	-0.01724137931034475	0.9600000000000002
4	FluSurv-NET	65+ yr	Overall	ridge_with_signals	3	train_quantile_0.95	18.325	5.0	0.9310344827586208	0.896551724137931	0.034482758620689724	1.0384615384615385
4	FluSurv-NET	65+ yr	Overall	ridge_with_signals	3	train_quantile_0.95	18.325	10.0	1.793103448275862	1.6724137931034482	0.12068965517241392	1.0721649484536084
4	FluSurv-NET	65+ yr	Overall	ridge_with_signals	4	train_quantile_0.85	12.174999999999999	0.5	0.1428571428571429	0.2589285714285714	-0.11607142857142849	0.5517241379310347
4	FluSurv-NET	65+ yr	Overall	ridge_with_signals	4	train_quantile_0.85	12.174999999999999	1.0	0.2321428571428572	0.35714285714285715	-0.12499999999999994	0.6500000000000001
4	FluSurv-NET	65+ yr	Overall	ridge_with_signals	4	train_quantile_0.85	12.174999999999999	2.0	0.4107142857142858	0.5535714285714286	-0.1428571428571428	0.7419354838709679
4	FluSurv-NET	65+ yr	Overall	ridge_with_signals	4	train_quantile_0.85	12.174999999999999	5.0	0.9464285714285716	1.1428571428571428	-0.19642857142857117	0.8281250000000002
4	FluSurv-NET	65+ yr	Overall	ridge_with_signals	4	train_quantile_0.85	12.174999999999999	10.0	1.8392857142857146	2.125	-0.28571428571428537	0.8655462184873951
4	FluSurv-NET	65+ yr	Overall	ridge_with_signals	4	train_quantile_0.90	14.55	0.5	0.17857142857142855	0.22321428571428567	-0.04464285714285712	0.8
4	FluSurv-NET	65+ yr	Overall	ridge_with_signals	4	train_quantile_0.90	14.55	1.0	0.2857142857142857	0.3035714285714285	-0.017857142857142794	0.9411764705882355
4	FluSurv-NET	65+ yr	Overall	ridge_with_signals	4	train_quantile_0.90	14.55	2.0	0.49999999999999994	0.4642857142857142	0.035714285714285754	1.076923076923077
4	FluSurv-NET	65+ yr	Overall	ridge_with_signals	4	train_quantile_0.90	14.55	5.0	1.1428571428571428	0.9464285714285713	0.1964285714285715	1.207547169811321
4	FluSurv-NET	65+ yr	Overall	ridge_with_signals	4	train_quantile_0.90	14.55	10.0	2.2142857142857144	1.7499999999999998	0.46428571428571463	1.2653061224489799
4	FluSurv-NET	65+ yr	Overall	ridge_with_signals	4	train_quantile_0.95	18.325	0.5	0.16964285714285712	0.20535714285714282	-0.0357142857142857	0.8260869565217391
4	FluSurv-NET	65+ yr	Overall	ridge_with_signals	4	train_quantile_0.95	18.325	1.0	0.2857142857142857	0.2857142857142857	0.0	1.0
4	FluSurv-NET	65+ yr	Overall	ridge_with_signals	4	train_quantile_0.95	18.325	2.0	0.5178571428571428	0.4464285714285714	0.0714285714285714	1.16
4	FluSurv-NET	65+ yr	Overall	ridge_with_signals	4	train_quantile_0.95	18.325	5.0	1.2142857142857144	0.9285714285714285	0.2857142857142859	1.307692307692308
4	FluSurv-NET	65+ yr	Overall	ridge_with_signals	4	train_quantile_0.95	18.325	10.0	2.375	1.732142857142857	0.642857142857143	1.371134020618557
4	FluSurv-NET	65+ yr	Overall	ridge_with_signals_plus_ed	1	train_quantile_0.85	12.174999999999999	0.5	0.08474576271186444	0.24576271186440674	-0.16101694915254228	0.34482758620689674
4	FluSurv-NET	65+ yr	Overall	ridge_with_signals_plus_ed	1	train_quantile_0.85	12.174999999999999	1.0	0.1355932203389831	0.3389830508474576	-0.2033898305084745	0.4000000000000002
4	FluSurv-NET	65+ yr	Overall	ridge_with_signals_plus_ed	1	train_quantile_0.85	12.174999999999999	2.0	0.2372881355932204	0.5254237288135594	-0.288135593220339	0.45161290322580655
4	FluSurv-NET	65+ yr	Overall	ridge_with_signals_plus_ed	1	train_quantile_0.85	12.174999999999999	5.0	0.5423728813559323	1.0847457627118646	-0.5423728813559323	0.5
4	FluSurv-NET	65+ yr	Overall	ridge_with_signals_plus_ed	1	train_quantile_0.85	12.174999999999999	10.0	1.050847457627119	2.0169491525423733	-0.9661016949152543	0.5210084033613446
4	FluSurv-NET	65+ yr	Overall	ridge_with_signals_plus_ed	1	train_quantile_0.90	14.55	0.5	0.06779661016949151	0.211864406779661	-0.1440677966101695	0.31999999999999995
4	FluSurv-NET	65+ yr	Overall	ridge_with_signals_plus_ed	1	train_quantile_0.90	14.55	1.0	0.10169491525423727	0.288135593220339	-0.18644067796610173	0.35294117647058815
4	FluSurv-NET	65+ yr	Overall	ridge_with_signals_plus_ed	1	train_quantile_0.90	14.55	2.0	0.1694915254237288	0.44067796610169496	-0.27118644067796616	0.3846153846153846
4	FluSurv-NET	65+ yr	Overall	ridge_with_signals_plus_ed	1	train_quantile_0.90	14.55	5.0	0.37288135593220334	0.8983050847457628	-0.5254237288135595	0.4150943396226414
4	FluSurv-NET	65+ yr	Overall	ridge_with_signals_plus_ed	1	train_quantile_0.90	14.55	10.0	0.711864406779661	1.6610169491525426	-0.9491525423728816	0.4285714285714285
4	FluSurv-NET	65+ yr	Overall	ridge_with_signals_plus_ed	1	train_quantile_0.95	18.325	0.5	0.09322033898305083	0.19491525423728812	-0.10169491525423728	0.47826086956521735
4	FluSurv-NET	65+ yr	Overall	ridge_with_signals_plus_ed	1	train_quantile_0.95	18.325	1.0	0.13559322033898302	0.2711864406779661	-0.13559322033898308	0.4999999999999999
4	FluSurv-NET	65+ yr	Overall	ridge_with_signals_plus_ed	1	train_quantile_0.95	18.325	2.0	0.22033898305084743	0.423728813559322	-0.2033898305084746	0.5199999999999999
4	FluSurv-NET	65+ yr	Overall	ridge_with_signals_plus_ed	1	train_quantile_0.95	18.325	5.0	0.47457627118644063	0.8813559322033898	-0.4067796610169492	0.5384615384615384
4	FluSurv-NET	65+ yr	Overall	ridge_with_signals_plus_ed	1	train_quantile_0.95	18.325	10.0	0.8983050847457626	1.6440677966101693	-0.7457627118644067	0.5463917525773196
4	FluSurv-NET	65+ yr	Overall	ridge_with_signals_plus_ed	2	train_quantile_0.85	12.174999999999999	0.5	0.14655172413793102	0.25	-0.10344827586206898	0.5862068965517241
4	FluSurv-NET	65+ yr	Overall	ridge_with_signals_plus_ed	2	train_quantile_0.85	12.174999999999999	1.0	0.22413793103448276	0.3448275862068966	-0.12068965517241381	0.65
4	FluSurv-NET	65+ yr	Overall	ridge_with_signals_plus_ed	2	train_quantile_0.85	12.174999999999999	2.0	0.3793103448275862	0.5344827586206897	-0.15517241379310354	0.7096774193548386
4	FluSurv-NET	65+ yr	Overall	ridge_with_signals_plus_ed	2	train_quantile_0.85	12.174999999999999	5.0	0.8448275862068966	1.1034482758620692	-0.2586206896551726	0.7656249999999999
4	FluSurv-NET	65+ yr	Overall	ridge_with_signals_plus_ed	2	train_quantile_0.85	12.174999999999999	10.0	1.6206896551724137	2.0517241379310347	-0.431034482758621	0.7899159663865545
4	FluSurv-NET	65+ yr	Overall	ridge_with_signals_plus_ed	2	train_quantile_0.90	14.55	0.5	0.14655172413793105	0.21551724137931033	-0.06896551724137928	0.6800000000000002
4	FluSurv-NET	65+ yr	Overall	ridge_with_signals_plus_ed	2	train_quantile_0.90	14.55	1.0	0.22413793103448276	0.2931034482758621	-0.06896551724137934	0.7647058823529411
4	FluSurv-NET	65+ yr	Overall	ridge_with_signals_plus_ed	2	train_quantile_0.90	14.55	2.0	0.3793103448275862	0.4482758620689655	-0.06896551724137934	0.8461538461538461
4	FluSurv-NET	65+ yr	Overall	ridge_with_signals_plus_ed	2	train_quantile_0.90	14.55	5.0	0.8448275862068966	0.9137931034482758	-0.06896551724137923	0.9245283018867926
4	FluSurv-NET	65+ yr	Overall	ridge_with_signals_plus_ed	2	train_quantile_0.90	14.55	10.0	1.6206896551724137	1.6896551724137931	-0.06896551724137945	0.9591836734693877
4	FluSurv-NET	65+ yr	Overall	ridge_with_signals_plus_ed	2	train_quantile_0.95	18.325	0.5	0.14655172413793105	0.1982758620689655	-0.05172413793103445	0.7391304347826089
4	FluSurv-NET	65+ yr	Overall	ridge_with_signals_plus_ed	2	train_quantile_0.95	18.325	1.0	0.22413793103448276	0.27586206896551724	-0.051724137931034475	0.8125
4	FluSurv-NET	65+ yr	Overall	ridge_with_signals_plus_ed	2	train_quantile_0.95	18.325	2.0	0.37931034482758624	0.43103448275862066	-0.05172413793103442	0.8800000000000001
4	FluSurv-NET	65+ yr	Overall	ridge_with_signals_plus_ed	2	train_quantile_0.95	18.325	5.0	0.8448275862068966	0.896551724137931	-0.051724137931034475	0.9423076923076923
4	FluSurv-NET	65+ yr	Overall	ridge_with_signals_plus_ed	2	train_quantile_0.95	18.325	10.0	1.6206896551724137	1.6724137931034482	-0.051724137931034475	0.9690721649484536
4	FluSurv-NET	65+ yr	Overall	ridge_with_signals_plus_ed	3	train_quantile_0.85	12.174999999999999	0.5	0.14912280701754382	0.25438596491228066	-0.10526315789473684	0.5862068965517241
4	FluSurv-NET	65+ yr	Overall	ridge_with_signals_plus_ed	3	train_quantile_0.85	12.174999999999999	1.0	0.24561403508771928	0.3508771929824561	-0.10526315789473684	0.7
4	FluSurv-NET	65+ yr	Overall	ridge_with_signals_plus_ed	3	train_quantile_0.85	12.174999999999999	2.0	0.4385964912280702	0.543859649122807	-0.10526315789473684	0.8064516129032259
4	FluSurv-NET	65+ yr	Overall	ridge_with_signals_plus_ed	3	train_quantile_0.85	12.174999999999999	5.0	1.0175438596491229	1.1228070175438598	-0.10526315789473695	0.9062499999999999
4	FluSurv-NET	65+ yr	Overall	ridge_with_signals_plus_ed	3	train_quantile_0.85	12.174999999999999	10.0	1.9824561403508774	2.0877192982456143	-0.10526315789473695	0.9495798319327731
4	FluSurv-NET	65+ yr	Overall	ridge_with_signals_plus_ed	3	train_quantile_0.90	14.55	0.5	0.13157894736842107	0.21929824561403505	-0.08771929824561397	0.6000000000000002
4	FluSurv-NET	65+ yr	Overall	ridge_with_signals_plus_ed	3	train_quantile_0.90	14.55	1.0	0.2280701754385965	0.29824561403508765	-0.07017543859649114	0.7647058823529415
4	FluSurv-NET	65+ yr	Overall	ridge_with_signals_plus_ed	3	train_quantile_0.90	14.55	2.0	0.4210526315789474	0.45614035087719296	-0.03508771929824556	0.9230769230769232
4	FluSurv-NET	65+ yr	Overall	ridge_with_signals_plus_ed	3	train_quantile_0.90	14.55	5.0	0.9999999999999999	0.9298245614035088	0.07017543859649111	1.0754716981132075
4	FluSurv-NET	65+ yr	Overall	ridge_with_signals_plus_ed	3	train_quantile_0.90	14.55	10.0	1.9649122807017543	1.719298245614035	0.24561403508771917	1.1428571428571428
4	FluSurv-NET	65+ yr	Overall	ridge_with_signals_plus_ed	3	train_quantile_0.95	18.325	0.5	0.17543859649122812	0.20175438596491224	-0.026315789473684126	0.8695652173913048
4	FluSurv-NET	65+ yr	Overall	ridge_with_signals_plus_ed	3	train_quantile_0.95	18.325	1.0	0.28070175438596495	0.28070175438596484	1.1102230246251565e-16	1.0000000000000004
4	FluSurv-NET	65+ yr	Overall	ridge_with_signals_plus_ed	3	train_quantile_0.95	18.325	2.0	0.4912280701754387	0.4385964912280701	0.052631578947368585	1.1200000000000003
4	FluSurv-NET	65+ yr	Overall	ridge_with_signals_plus_ed	3	train_quantile_0.95	18.325	5.0	1.1228070175438598	0.9122807017543857	0.21052631578947412	1.2307692307692313
4	FluSurv-NET	65+ yr	Overall	ridge_with_signals_plus_ed	3	train_quantile_0.95	18.325	10.0	2.1754385964912286	1.7017543859649118	0.4736842105263168	1.2783505154639183
4	FluSurv-NET	65+ yr	Overall	ridge_with_signals_plus_ed	4	train_quantile_0.85	12.174999999999999	0.5	0.16071428571428575	0.2589285714285714	-0.09821428571428564	0.620689655172414
4	FluSurv-NET	65+ yr	Overall	ridge_with_signals_plus_ed	4	train_quantile_0.85	12.174999999999999	1.0	0.28571428571428575	0.35714285714285715	-0.0714285714285714	0.8
4	FluSurv-NET	65+ yr	Overall	ridge_with_signals_plus_ed	4	train_quantile_0.85	12.174999999999999	2.0	0.5357142857142858	0.5535714285714286	-0.017857142857142794	0.9677419354838711
4	FluSurv-NET	65+ yr	Overall	ridge_with_signals_plus_ed	4	train_quantile_0.85	12.174999999999999	5.0	1.2857142857142858	1.1428571428571428	0.14285714285714302	1.1250000000000002
4	FluSurv-NET	65+ yr	Overall	ridge_with_signals_plus_ed	4	train_quantile_0.85	12.174999999999999	10.0	2.5357142857142856	2.125	0.4107142857142856	1.1932773109243697
4	FluSurv-NET	65+ yr	Overall	ridge_with_signals_plus_ed	4	train_quantile_0.90	14.55	0.5	0.1517857142857143	0.22321428571428567	-0.07142857142857137	0.6800000000000002
4	FluSurv-NET	65+ yr	Overall	ridge_with_signals_plus_ed	4	train_quantile_0.90	14.55	1.0	0.26785714285714285	0.3035714285714285	-0.03571428571428564	0.8823529411764708
4	FluSurv-NET	65+ yr	Overall	ridge_with_signals_plus_ed	4	train_quantile_0.90	14.55	2.0	0.5	0.4642857142857142	0.03571428571428581	1.076923076923077
4	FluSurv-NET	65+ yr	Overall	ridge_with_signals_plus_ed	4	train_quantile_0.90	14.55	5.0	1.1964285714285714	0.9464285714285713	0.2500000000000001	1.2641509433962266
4	FluSurv-NET	65+ yr	Overall	ridge_with_signals_plus_ed	4	train_quantile_0.90	14.55	10.0	2.3571428571428568	1.7499999999999998	0.607142857142857	1.346938775510204
4	FluSurv-NET	65+ yr	Overall	ridge_with_signals_plus_ed	4	train_quantile_0.95	18.325	0.5	0.17857142857142855	0.20535714285714282	-0.026785714285714274	0.8695652173913044
4	FluSurv-NET	65+ yr	Overall	ridge_with_signals_plus_ed	4	train_quantile_0.95	18.325	1.0	0.30357142857142855	0.2857142857142857	0.01785714285714285	1.0625
4	FluSurv-NET	65+ yr	Overall	ridge_with_signals_plus_ed	4	train_quantile_0.95	18.325	2.0	0.5535714285714286	0.4464285714285714	0.1071428571428572	1.2400000000000002
4	FluSurv-NET	65+ yr	Overall	ridge_with_signals_plus_ed	4	train_quantile_0.95	18.325	5.0	1.3035714285714286	0.9285714285714285	0.3750000000000001	1.403846153846154
4	FluSurv-NET	65+ yr	Overall	ridge_with_signals_plus_ed	4	train_quantile_0.95	18.325	10.0	2.5535714285714284	1.732142857142857	0.8214285714285714	1.4742268041237114
4	FluSurv-NET	65+ yr	Overall	ridge_with_signals_plus_flu_pos	1	train_quantile_0.85	12.174999999999999	0.5	0.12903225806451613	0.23387096774193555	-0.10483870967741943	0.5517241379310343
4	FluSurv-NET	65+ yr	Overall	ridge_with_signals_plus_flu_pos	1	train_quantile_0.85	12.174999999999999	1.0	0.16129032258064516	0.32258064516129037	-0.1612903225806452	0.4999999999999999
4	FluSurv-NET	65+ yr	Overall	ridge_with_signals_plus_flu_pos	1	train_quantile_0.85	12.174999999999999	2.0	0.22580645161290322	0.5000000000000001	-0.27419354838709686	0.45161290322580633
4	FluSurv-NET	65+ yr	Overall	ridge_with_signals_plus_flu_pos	1	train_quantile_0.85	12.174999999999999	5.0	0.4193548387096774	1.0322580645161292	-0.6129032258064518	0.4062499999999999
4	FluSurv-NET	65+ yr	Overall	ridge_with_signals_plus_flu_pos	1	train_quantile_0.85	12.174999999999999	10.0	0.7419354838709677	1.919354838709678	-1.1774193548387102	0.3865546218487394
4	FluSurv-NET	65+ yr	Overall	ridge_with_signals_plus_flu_pos	1	train_quantile_0.90	14.55	0.5	0.08064516129032255	0.20161290322580644	-0.12096774193548389	0.39999999999999986
4	FluSurv-NET	65+ yr	Overall	ridge_with_signals_plus_flu_pos	1	train_quantile_0.90	14.55	1.0	0.11290322580645158	0.27419354838709675	-0.16129032258064518	0.41176470588235287
4	FluSurv-NET	65+ yr	Overall	ridge_with_signals_plus_flu_pos	1	train_quantile_0.90	14.55	2.0	0.17741935483870963	0.4193548387096774	-0.24193548387096775	0.423076923076923
4	FluSurv-NET	65+ yr	Overall	ridge_with_signals_plus_flu_pos	1	train_quantile_0.90	14.55	5.0	0.3709677419354838	0.8548387096774193	-0.48387096774193544	0.43396226415094336
4	FluSurv-NET	65+ yr	Overall	ridge_with_signals_plus_flu_pos	1	train_quantile_0.90	14.55	10.0	0.6935483870967741	1.5806451612903225	-0.8870967741935484	0.4387755102040816
4	FluSurv-NET	65+ yr	Overall	ridge_with_signals_plus_flu_pos	1	train_quantile_0.95	18.325	0.5	0.056451612903225826	0.18548387096774194	-0.12903225806451613	0.3043478260869566
4	FluSurv-NET	65+ yr	Overall	ridge_with_signals_plus_flu_pos	1	train_quantile_0.95	18.325	1.0	0.09677419354838711	0.25806451612903225	-0.16129032258064513	0.37500000000000006
4	FluSurv-NET	65+ yr	Overall	ridge_with_signals_plus_flu_pos	1	train_quantile_0.95	18.325	2.0	0.1774193548387097	0.4032258064516129	-0.2258064516129032	0.44000000000000006
4	FluSurv-NET	65+ yr	Overall	ridge_with_signals_plus_flu_pos	1	train_quantile_0.95	18.325	5.0	0.4193548387096774	0.8387096774193548	-0.4193548387096774	0.5
4	FluSurv-NET	65+ yr	Overall	ridge_with_signals_plus_flu_pos	1	train_quantile_0.95	18.325	10.0	0.8225806451612901	1.564516129032258	-0.7419354838709679	0.5257731958762886
4	FluSurv-NET	65+ yr	Overall	ridge_with_signals_plus_flu_pos	2	train_quantile_0.85	12.174999999999999	0.5	0.1083333333333333	0.24166666666666667	-0.13333333333333336	0.44827586206896536
4	FluSurv-NET	65+ yr	Overall	ridge_with_signals_plus_flu_pos	2	train_quantile_0.85	12.174999999999999	1.0	0.16666666666666663	0.33333333333333337	-0.16666666666666674	0.49999999999999983
4	FluSurv-NET	65+ yr	Overall	ridge_with_signals_plus_flu_pos	2	train_quantile_0.85	12.174999999999999	2.0	0.28333333333333327	0.5166666666666667	-0.23333333333333345	0.5483870967741934
4	FluSurv-NET	65+ yr	Overall	ridge_with_signals_plus_flu_pos	2	train_quantile_0.85	12.174999999999999	5.0	0.6333333333333332	1.0666666666666667	-0.43333333333333346	0.5937499999999999
4	FluSurv-NET	65+ yr	Overall	ridge_with_signals_plus_flu_pos	2	train_quantile_0.85	12.174999999999999	10.0	1.2166666666666666	1.9833333333333334	-0.7666666666666668	0.6134453781512604
4	FluSurv-NET	65+ yr	Overall	ridge_with_signals_plus_flu_pos	2	train_quantile_0.90	14.55	0.5	0.09166666666666665	0.20833333333333331	-0.11666666666666667	0.43999999999999995
4	FluSurv-NET	65+ yr	Overall	ridge_with_signals_plus_flu_pos	2	train_quantile_0.90	14.55	1.0	0.14999999999999997	0.2833333333333333	-0.13333333333333336	0.5294117647058822
4	FluSurv-NET	65+ yr	Overall	ridge_with_signals_plus_flu_pos	2	train_quantile_0.90	14.55	2.0	0.26666666666666666	0.4333333333333333	-0.16666666666666663	0.6153846153846154
4	FluSurv-NET	65+ yr	Overall	ridge_with_signals_plus_flu_pos	2	train_quantile_0.90	14.55	5.0	0.6166666666666667	0.8833333333333333	-0.2666666666666666	0.6981132075471699
4	FluSurv-NET	65+ yr	Overall	ridge_with_signals_plus_flu_pos	2	train_quantile_0.90	14.55	10.0	1.2	1.6333333333333333	-0.43333333333333335	0.7346938775510204
4	FluSurv-NET	65+ yr	Overall	ridge_with_signals_plus_flu_pos	2	train_quantile_0.95	18.325	0.5	0.12499999999999996	0.19166666666666665	-0.0666666666666667	0.652173913043478
4	FluSurv-NET	65+ yr	Overall	ridge_with_signals_plus_flu_pos	2	train_quantile_0.95	18.325	1.0	0.19999999999999996	0.26666666666666666	-0.06666666666666671	0.7499999999999999
4	FluSurv-NET	65+ yr	Overall	ridge_with_signals_plus_flu_pos	2	train_quantile_0.95	18.325	2.0	0.35	0.41666666666666663	-0.06666666666666665	0.84
4	FluSurv-NET	65+ yr	Overall	ridge_with_signals_plus_flu_pos	2	train_quantile_0.95	18.325	5.0	0.7999999999999999	0.8666666666666667	-0.06666666666666676	0.923076923076923
4	FluSurv-NET	65+ yr	Overall	ridge_with_signals_plus_flu_pos	2	train_quantile_0.95	18.325	10.0	1.55	1.6166666666666667	-0.06666666666666665	0.9587628865979382
4	FluSurv-NET	65+ yr	Overall	ridge_with_signals_plus_flu_pos	3	train_quantile_0.85	12.174999999999999	0.5	0.1379310344827586	0.25	-0.11206896551724141	0.5517241379310344
4	FluSurv-NET	65+ yr	Overall	ridge_with_signals_plus_flu_pos	3	train_quantile_0.85	12.174999999999999	1.0	0.22413793103448273	0.3448275862068966	-0.12068965517241384	0.6499999999999999
4	FluSurv-NET	65+ yr	Overall	ridge_with_signals_plus_flu_pos	3	train_quantile_0.85	12.174999999999999	2.0	0.39655172413793105	0.5344827586206897	-0.13793103448275867	0.7419354838709676
4	FluSurv-NET	65+ yr	Overall	ridge_with_signals_plus_flu_pos	3	train_quantile_0.85	12.174999999999999	5.0	0.9137931034482759	1.1034482758620692	-0.18965517241379326	0.8281249999999999
4	FluSurv-NET	65+ yr	Overall	ridge_with_signals_plus_flu_pos	3	train_quantile_0.85	12.174999999999999	10.0	1.7758620689655173	2.0517241379310347	-0.27586206896551735	0.8655462184873949
4	FluSurv-NET	65+ yr	Overall	ridge_with_signals_plus_flu_pos	3	train_quantile_0.90	14.55	0.5	0.1724137931034483	0.21551724137931033	-0.043103448275862044	0.8000000000000002
4	FluSurv-NET	65+ yr	Overall	ridge_with_signals_plus_flu_pos	3	train_quantile_0.90	14.55	1.0	0.27586206896551724	0.2931034482758621	-0.017241379310344862	0.9411764705882352
4	FluSurv-NET	65+ yr	Overall	ridge_with_signals_plus_flu_pos	3	train_quantile_0.90	14.55	2.0	0.48275862068965514	0.4482758620689655	0.03448275862068961	1.0769230769230769
4	FluSurv-NET	65+ yr	Overall	ridge_with_signals_plus_flu_pos	3	train_quantile_0.90	14.55	5.0	1.103448275862069	0.9137931034482758	0.18965517241379315	1.2075471698113207
4	FluSurv-NET	65+ yr	Overall	ridge_with_signals_plus_flu_pos	3	train_quantile_0.90	14.55	10.0	2.137931034482759	1.6896551724137931	0.44827586206896575	1.2653061224489797
4	FluSurv-NET	65+ yr	Overall	ridge_with_signals_plus_flu_pos	3	train_quantile_0.95	18.325	0.5	0.18965517241379312	0.1982758620689655	-0.008620689655172376	0.9565217391304349
4	FluSurv-NET	65+ yr	Overall	ridge_with_signals_plus_flu_pos	3	train_quantile_0.95	18.325	1.0	0.2931034482758621	0.27586206896551724	0.017241379310344862	1.0625000000000002
4	FluSurv-NET	65+ yr	Overall	ridge_with_signals_plus_flu_pos	3	train_quantile_0.95	18.325	2.0	0.5	0.43103448275862066	0.06896551724137934	1.1600000000000001
4	FluSurv-NET	65+ yr	Overall	ridge_with_signals_plus_flu_pos	3	train_quantile_0.95	18.325	5.0	1.120689655172414	0.896551724137931	0.22413793103448287	1.2500000000000002
4	FluSurv-NET	65+ yr	Overall	ridge_with_signals_plus_flu_pos	3	train_quantile_0.95	18.325	10.0	2.1551724137931036	1.6724137931034482	0.48275862068965547	1.2886597938144333
4	FluSurv-NET	65+ yr	Overall	ridge_with_signals_plus_flu_pos	4	train_quantile_0.85	12.174999999999999	0.5	0.19642857142857142	0.2589285714285714	-0.06249999999999997	0.7586206896551725
4	FluSurv-NET	65+ yr	Overall	ridge_with_signals_plus_flu_pos	4	train_quantile_0.85	12.174999999999999	1.0	0.3214285714285714	0.35714285714285715	-0.035714285714285754	0.8999999999999999
4	FluSurv-NET	65+ yr	Overall	ridge_with_signals_plus_flu_pos	4	train_quantile_0.85	12.174999999999999	2.0	0.5714285714285714	0.5535714285714286	0.017857142857142794	1.032258064516129
4	FluSurv-NET	65+ yr	Overall	ridge_with_signals_plus_flu_pos	4	train_quantile_0.85	12.174999999999999	5.0	1.3214285714285714	1.1428571428571428	0.1785714285714286	1.15625
4	FluSurv-NET	65+ yr	Overall	ridge_with_signals_plus_flu_pos	4	train_quantile_0.85	12.174999999999999	10.0	2.5714285714285716	2.125	0.4464285714285716	1.2100840336134455
4	FluSurv-NET	65+ yr	Overall	ridge_with_signals_plus_flu_pos	4	train_quantile_0.90	14.55	0.5	0.1964285714285714	0.22321428571428567	-0.026785714285714274	0.88
4	FluSurv-NET	65+ yr	Overall	ridge_with_signals_plus_flu_pos	4	train_quantile_0.90	14.55	1.0	0.3214285714285714	0.3035714285714285	0.017857142857142905	1.058823529411765
4	FluSurv-NET	65+ yr	Overall	ridge_with_signals_plus_flu_pos	4	train_quantile_0.90	14.55	2.0	0.5714285714285714	0.4642857142857142	0.1071428571428572	1.230769230769231
4	FluSurv-NET	65+ yr	Overall	ridge_with_signals_plus_flu_pos	4	train_quantile_0.90	14.55	5.0	1.3214285714285714	0.9464285714285713	0.3750000000000001	1.3962264150943398
4	FluSurv-NET	65+ yr	Overall	ridge_with_signals_plus_flu_pos	4	train_quantile_0.90	14.55	10.0	2.5714285714285716	1.7499999999999998	0.8214285714285718	1.4693877551020411
4	FluSurv-NET	65+ yr	Overall	ridge_with_signals_plus_flu_pos	4	train_quantile_0.95	18.325	0.5	0.17857142857142855	0.20535714285714282	-0.026785714285714274	0.8695652173913044
4	FluSurv-NET	65+ yr	Overall	ridge_with_signals_plus_flu_pos	4	train_quantile_0.95	18.325	1.0	0.30357142857142855	0.2857142857142857	0.01785714285714285	1.0625
4	FluSurv-NET	65+ yr	Overall	ridge_with_signals_plus_flu_pos	4	train_quantile_0.95	18.325	2.0	0.5535714285714286	0.4464285714285714	0.1071428571428572	1.2400000000000002
4	FluSurv-NET	65+ yr	Overall	ridge_with_signals_plus_flu_pos	4	train_quantile_0.95	18.325	5.0	1.3035714285714286	0.9285714285714285	0.3750000000000001	1.403846153846154
4	FluSurv-NET	65+ yr	Overall	ridge_with_signals_plus_flu_pos	4	train_quantile_0.95	18.325	10.0	2.5535714285714284	1.732142857142857	0.8214285714285714	1.4742268041237114
4	FluSurv-NET	65+ yr	Overall	ridge_with_signals_plus_flu_pos_plus_ed	1	train_quantile_0.85	12.174999999999999	0.5	0.11864406779661016	0.24576271186440674	-0.12711864406779658	0.4827586206896552
4	FluSurv-NET	65+ yr	Overall	ridge_with_signals_plus_flu_pos_plus_ed	1	train_quantile_0.85	12.174999999999999	1.0	0.15254237288135591	0.3389830508474576	-0.1864406779661017	0.44999999999999996
4	FluSurv-NET	65+ yr	Overall	ridge_with_signals_plus_flu_pos_plus_ed	1	train_quantile_0.85	12.174999999999999	2.0	0.22033898305084743	0.5254237288135594	-0.30508474576271194	0.4193548387096773
4	FluSurv-NET	65+ yr	Overall	ridge_with_signals_plus_flu_pos_plus_ed	1	train_quantile_0.85	12.174999999999999	5.0	0.423728813559322	1.0847457627118646	-0.6610169491525426	0.3906249999999999
4	FluSurv-NET	65+ yr	Overall	ridge_with_signals_plus_flu_pos_plus_ed	1	train_quantile_0.85	12.174999999999999	10.0	0.7627118644067796	2.0169491525423733	-1.2542372881355937	0.3781512605042016
4	FluSurv-NET	65+ yr	Overall	ridge_with_signals_plus_flu_pos_plus_ed	1	train_quantile_0.90	14.55	0.5	0.08474576271186442	0.211864406779661	-0.1271186440677966	0.4000000000000001
4	FluSurv-NET	65+ yr	Overall	ridge_with_signals_plus_flu_pos_plus_ed	1	train_quantile_0.90	14.55	1.0	0.11864406779661019	0.288135593220339	-0.1694915254237288	0.411764705882353
4	FluSurv-NET	65+ yr	Overall	ridge_with_signals_plus_flu_pos_plus_ed	1	train_quantile_0.90	14.55	2.0	0.1864406779661017	0.44067796610169496	-0.25423728813559326	0.423076923076923
4	FluSurv-NET	65+ yr	Overall	ridge_with_signals_plus_flu_pos_plus_ed	1	train_quantile_0.90	14.55	5.0	0.3898305084745763	0.8983050847457628	-0.5084745762711864	0.4339622641509434
4	FluSurv-NET	65+ yr	Overall	ridge_with_signals_plus_flu_pos_plus_ed	1	train_quantile_0.90	14.55	10.0	0.7288135593220338	1.6610169491525426	-0.9322033898305088	0.43877551020408156
4	FluSurv-NET	65+ yr	Overall	ridge_with_signals_plus_flu_pos_plus_ed	1	train_quantile_0.95	18.325	0.5	0.08474576271186438	0.19491525423728812	-0.11016949152542374	0.43478260869565205
4	FluSurv-NET	65+ yr	Overall	ridge_with_signals_plus_flu_pos_plus_ed	1	train_quantile_0.95	18.325	1.0	0.13559322033898302	0.2711864406779661	-0.13559322033898308	0.4999999999999999
4	FluSurv-NET	65+ yr	Overall	ridge_with_signals_plus_flu_pos_plus_ed	1	train_quantile_0.95	18.325	2.0	0.23728813559322032	0.423728813559322	-0.1864406779661017	0.5599999999999999
4	FluSurv-NET	65+ yr	Overall	ridge_with_signals_plus_flu_pos_plus_ed	1	train_quantile_0.95	18.325	5.0	0.5423728813559321	0.8813559322033898	-0.3389830508474577	0.6153846153846153
4	FluSurv-NET	65+ yr	Overall	ridge_with_signals_plus_flu_pos_plus_ed	1	train_quantile_0.95	18.325	10.0	1.0508474576271185	1.6440677966101693	-0.5932203389830508	0.6391752577319587
4	FluSurv-NET	65+ yr	Overall	ridge_with_signals_plus_flu_pos_plus_ed	2	train_quantile_0.85	12.174999999999999	0.5	0.13793103448275862	0.25	-0.11206896551724138	0.5517241379310345
4	FluSurv-NET	65+ yr	Overall	ridge_with_signals_plus_flu_pos_plus_ed	2	train_quantile_0.85	12.174999999999999	1.0	0.2068965517241379	0.3448275862068966	-0.13793103448275867	0.5999999999999999
4	FluSurv-NET	65+ yr	Overall	ridge_with_signals_plus_flu_pos_plus_ed	2	train_quantile_0.85	12.174999999999999	2.0	0.3448275862068965	0.5344827586206897	-0.1896551724137932	0.6451612903225805
4	FluSurv-NET	65+ yr	Overall	ridge_with_signals_plus_flu_pos_plus_ed	2	train_quantile_0.85	12.174999999999999	5.0	0.7586206896551725	1.1034482758620692	-0.3448275862068967	0.6874999999999999
4	FluSurv-NET	65+ yr	Overall	ridge_with_signals_plus_flu_pos_plus_ed	2	train_quantile_0.85	12.174999999999999	10.0	1.4482758620689655	2.0517241379310347	-0.6034482758620692	0.7058823529411764
4	FluSurv-NET	65+ yr	Overall	ridge_with_signals_plus_flu_pos_plus_ed	2	train_quantile_0.90	14.55	0.5	0.103448275862069	0.21551724137931033	-0.11206896551724133	0.4800000000000002
4	FluSurv-NET	65+ yr	Overall	ridge_with_signals_plus_flu_pos_plus_ed	2	train_quantile_0.90	14.55	1.0	0.17241379310344832	0.2931034482758621	-0.12068965517241378	0.5882352941176471
4	FluSurv-NET	65+ yr	Overall	ridge_with_signals_plus_flu_pos_plus_ed	2	train_quantile_0.90	14.55	2.0	0.31034482758620696	0.4482758620689655	-0.13793103448275856	0.6923076923076924
4	FluSurv-NET	65+ yr	Overall	ridge_with_signals_plus_flu_pos_plus_ed	2	train_quantile_0.90	14.55	5.0	0.7241379310344829	0.9137931034482758	-0.18965517241379293	0.7924528301886794
4	FluSurv-NET	65+ yr	Overall	ridge_with_signals_plus_flu_pos_plus_ed	2	train_quantile_0.90	14.55	10.0	1.413793103448276	1.6896551724137931	-0.2758620689655171	0.8367346938775511
4	FluSurv-NET	65+ yr	Overall	ridge_with_signals_plus_flu_pos_plus_ed	2	train_quantile_0.95	18.325	0.5	0.12931034482758624	0.1982758620689655	-0.06896551724137925	0.6521739130434785
4	FluSurv-NET	65+ yr	Overall	ridge_with_signals_plus_flu_pos_plus_ed	2	train_quantile_0.95	18.325	1.0	0.20689655172413796	0.27586206896551724	-0.06896551724137928	0.7500000000000001
4	FluSurv-NET	65+ yr	Overall	ridge_with_signals_plus_flu_pos_plus_ed	2	train_quantile_0.95	18.325	2.0	0.36206896551724144	0.43103448275862066	-0.06896551724137923	0.8400000000000002
4	FluSurv-NET	65+ yr	Overall	ridge_with_signals_plus_flu_pos_plus_ed	2	train_quantile_0.95	18.325	5.0	0.8275862068965517	0.896551724137931	-0.06896551724137934	0.923076923076923
4	FluSurv-NET	65+ yr	Overall	ridge_with_signals_plus_flu_pos_plus_ed	2	train_quantile_0.95	18.325	10.0	1.603448275862069	1.6724137931034482	-0.06896551724137923	0.9587628865979382
4	FluSurv-NET	65+ yr	Overall	ridge_with_signals_plus_flu_pos_plus_ed	3	train_quantile_0.85	12.174999999999999	0.5	0.1403508771929825	0.25438596491228066	-0.11403508771929816	0.5517241379310348
4	FluSurv-NET	65+ yr	Overall	ridge_with_signals_plus_flu_pos_plus_ed	3	train_quantile_0.85	12.174999999999999	1.0	0.24561403508771934	0.3508771929824561	-0.10526315789473678	0.7000000000000002
4	FluSurv-NET	65+ yr	Overall	ridge_with_signals_plus_flu_pos_plus_ed	3	train_quantile_0.85	12.174999999999999	2.0	0.45614035087719307	0.543859649122807	-0.08771929824561397	0.838709677419355
4	FluSurv-NET	65+ yr	Overall	ridge_with_signals_plus_flu_pos_plus_ed	3	train_quantile_0.85	12.174999999999999	5.0	1.0877192982456143	1.1228070175438598	-0.0350877192982455	0.9687500000000001
4	FluSurv-NET	65+ yr	Overall	ridge_with_signals_plus_flu_pos_plus_ed	3	train_quantile_0.85	12.174999999999999	10.0	2.140350877192983	2.0877192982456143	0.052631578947368585	1.0252100840336136
4	FluSurv-NET	65+ yr	Overall	ridge_with_signals_plus_flu_pos_plus_ed	3	train_quantile_0.90	14.55	0.5	0.15789473684210523	0.21929824561403505	-0.06140350877192982	0.72
4	FluSurv-NET	65+ yr	Overall	ridge_with_signals_plus_flu_pos_plus_ed	3	train_quantile_0.90	14.55	1.0	0.26315789473684204	0.29824561403508765	-0.03508771929824561	0.8823529411764706
4	FluSurv-NET	65+ yr	Overall	ridge_with_signals_plus_flu_pos_plus_ed	3	train_quantile_0.90	14.55	2.0	0.4736842105263157	0.45614035087719296	0.01754385964912275	1.0384615384615383
4	FluSurv-NET	65+ yr	Overall	ridge_with_signals_plus_flu_pos_plus_ed	3	train_quantile_0.90	14.55	5.0	1.1052631578947367	0.9298245614035088	0.17543859649122795	1.1886792452830188
4	FluSurv-NET	65+ yr	Overall	ridge_with_signals_plus_flu_pos_plus_ed	3	train_quantile_0.90	14.55	10.0	2.1578947368421053	1.719298245614035	0.4385964912280702	1.2551020408163265
4	FluSurv-NET	65+ yr	Overall	ridge_with_signals_plus_flu_pos_plus_ed	3	train_quantile_0.95	18.325	0.5	0.17543859649122812	0.20175438596491224	-0.026315789473684126	0.8695652173913048
4	FluSurv-NET	65+ yr	Overall	ridge_with_signals_plus_flu_pos_plus_ed	3	train_quantile_0.95	18.325	1.0	0.28070175438596495	0.28070175438596484	1.1102230246251565e-16	1.0000000000000004
4	FluSurv-NET	65+ yr	Overall	ridge_with_signals_plus_flu_pos_plus_ed	3	train_quantile_0.95	18.325	2.0	0.4912280701754387	0.4385964912280701	0.052631578947368585	1.1200000000000003
4	FluSurv-NET	65+ yr	Overall	ridge_with_signals_plus_flu_pos_plus_ed	3	train_quantile_0.95	18.325	5.0	1.1228070175438598	0.9122807017543857	0.21052631578947412	1.2307692307692313
4	FluSurv-NET	65+ yr	Overall	ridge_with_signals_plus_flu_pos_plus_ed	3	train_quantile_0.95	18.325	10.0	2.1754385964912286	1.7017543859649118	0.4736842105263168	1.2783505154639183
4	FluSurv-NET	65+ yr	Overall	ridge_with_signals_plus_flu_pos_plus_ed	4	train_quantile_0.85	12.174999999999999	0.5	0.19642857142857145	0.2589285714285714	-0.062499999999999944	0.7586206896551726
4	FluSurv-NET	65+ yr	Overall	ridge_with_signals_plus_flu_pos_plus_ed	4	train_quantile_0.85	12.174999999999999	1.0	0.3392857142857143	0.35714285714285715	-0.01785714285714285	0.9500000000000001
4	FluSurv-NET	65+ yr	Overall	ridge_with_signals_plus_flu_pos_plus_ed	4	train_quantile_0.85	12.174999999999999	2.0	0.625	0.5535714285714286	0.0714285714285714	1.129032258064516
4	FluSurv-NET	65+ yr	Overall	ridge_with_signals_plus_flu_pos_plus_ed	4	train_quantile_0.85	12.174999999999999	5.0	1.482142857142857	1.1428571428571428	0.3392857142857142	1.296875
4	FluSurv-NET	65+ yr	Overall	ridge_with_signals_plus_flu_pos_plus_ed	4	train_quantile_0.85	12.174999999999999	10.0	2.910714285714285	2.125	0.7857142857142851	1.3697478991596637
4	FluSurv-NET	65+ yr	Overall	ridge_with_signals_plus_flu_pos_plus_ed	4	train_quantile_0.90	14.55	0.5	0.16964285714285718	0.22321428571428567	-0.05357142857142849	0.7600000000000003
4	FluSurv-NET	65+ yr	Overall	ridge_with_signals_plus_flu_pos_plus_ed	4	train_quantile_0.90	14.55	1.0	0.3035714285714286	0.3035714285714285	1.1102230246251565e-16	1.0000000000000004
4	FluSurv-NET	65+ yr	Overall	ridge_with_signals_plus_flu_pos_plus_ed	4	train_quantile_0.90	14.55	2.0	0.5714285714285714	0.4642857142857142	0.1071428571428572	1.230769230769231
4	FluSurv-NET	65+ yr	Overall	ridge_with_signals_plus_flu_pos_plus_ed	4	train_quantile_0.90	14.55	5.0	1.375	0.9464285714285713	0.4285714285714287	1.4528301886792454
4	FluSurv-NET	65+ yr	Overall	ridge_with_signals_plus_flu_pos_plus_ed	4	train_quantile_0.90	14.55	10.0	2.714285714285714	1.7499999999999998	0.9642857142857142	1.5510204081632653
4	FluSurv-NET	65+ yr	Overall	ridge_with_signals_plus_flu_pos_plus_ed	4	train_quantile_0.95	18.325	0.5	0.16071428571428575	0.20535714285714282	-0.04464285714285707	0.7826086956521743
4	FluSurv-NET	65+ yr	Overall	ridge_with_signals_plus_flu_pos_plus_ed	4	train_quantile_0.95	18.325	1.0	0.28571428571428575	0.2857142857142857	5.551115123125783e-17	1.0000000000000002
4	FluSurv-NET	65+ yr	Overall	ridge_with_signals_plus_flu_pos_plus_ed	4	train_quantile_0.95	18.325	2.0	0.5357142857142858	0.4464285714285714	0.08928571428571441	1.2000000000000004
4	FluSurv-NET	65+ yr	Overall	ridge_with_signals_plus_flu_pos_plus_ed	4	train_quantile_0.95	18.325	5.0	1.2857142857142858	0.9285714285714285	0.3571428571428573	1.3846153846153848
4	FluSurv-NET	65+ yr	Overall	ridge_with_signals_plus_flu_pos_plus_ed	4	train_quantile_0.95	18.325	10.0	2.5357142857142856	1.732142857142857	0.8035714285714286	1.463917525773196
4	RSV-NET	65+ yr	Overall	seasonal_naive	1	train_quantile_0.85	2.0	0.5	0.1014851485148515	0.1014851485148515	0.0	1.0
4	RSV-NET	65+ yr	Overall	seasonal_naive	1	train_quantile_0.85	2.0	1.0	0.1633663366336634	0.1633663366336634	0.0	1.0
4	RSV-NET	65+ yr	Overall	seasonal_naive	1	train_quantile_0.85	2.0	2.0	0.28712871287128716	0.28712871287128716	0.0	1.0
4	RSV-NET	65+ yr	Overall	seasonal_naive	1	train_quantile_0.85	2.0	5.0	0.6584158415841584	0.6584158415841584	0.0	1.0
4	RSV-NET	65+ yr	Overall	seasonal_naive	1	train_quantile_0.85	2.0	10.0	1.2772277227722773	1.2772277227722773	0.0	1.0
4	RSV-NET	65+ yr	Overall	seasonal_naive	1	train_quantile_0.90	2.25	0.5	0.10148514851485146	0.10148514851485146	0.0	1.0
4	RSV-NET	65+ yr	Overall	seasonal_naive	1	train_quantile_0.90	2.25	1.0	0.16336633663366334	0.16336633663366334	0.0	1.0
4	RSV-NET	65+ yr	Overall	seasonal_naive	1	train_quantile_0.90	2.25	2.0	0.28712871287128716	0.28712871287128716	0.0	1.0
4	RSV-NET	65+ yr	Overall	seasonal_naive	1	train_quantile_0.90	2.25	5.0	0.6584158415841586	0.6584158415841586	0.0	1.0
4	RSV-NET	65+ yr	Overall	seasonal_naive	1	train_quantile_0.90	2.25	10.0	1.2772277227722775	1.2772277227722775	0.0	1.0
4	RSV-NET	65+ yr	Overall	seasonal_naive	1	train_quantile_0.95	2.65	0.5	0.10148514851485146	0.10148514851485146	0.0	1.0
4	RSV-NET	65+ yr	Overall	seasonal_naive	1	train_quantile_0.95	2.65	1.0	0.16336633663366334	0.16336633663366334	0.0	1.0
4	RSV-NET	65+ yr	Overall	seasonal_naive	1	train_quantile_0.95	2.65	2.0	0.2871287128712871	0.2871287128712871	0.0	1.0
4	RSV-NET	65+ yr	Overall	seasonal_naive	1	train_quantile_0.95	2.65	5.0	0.6584158415841583	0.6584158415841583	0.0	1.0
4	RSV-NET	65+ yr	Overall	seasonal_naive	1	train_quantile_0.95	2.65	10.0	1.277227722772277	1.277227722772277	0.0	1.0
4	RSV-NET	65+ yr	Overall	seasonal_naive	2	train_quantile_0.85	2.0	0.5	0.10199004975124382	0.10199004975124382	0.0	1.0
4	RSV-NET	65+ yr	Overall	seasonal_naive	2	train_quantile_0.85	2.0	1.0	0.16417910447761197	0.16417910447761197	0.0	1.0
4	RSV-NET	65+ yr	Overall	seasonal_naive	2	train_quantile_0.85	2.0	2.0	0.2885572139303483	0.2885572139303483	0.0	1.0
4	RSV-NET	65+ yr	Overall	seasonal_naive	2	train_quantile_0.85	2.0	5.0	0.6616915422885573	0.6616915422885573	0.0	1.0
4	RSV-NET	65+ yr	Overall	seasonal_naive	2	train_quantile_0.85	2.0	10.0	1.283582089552239	1.283582089552239	0.0	1.0
4	RSV-NET	65+ yr	Overall	seasonal_naive	2	train_quantile_0.90	2.25	0.5	0.10199004975124382	0.10199004975124382	0.0	1.0
4	RSV-NET	65+ yr	Overall	seasonal_naive	2	train_quantile_0.90	2.25	1.0	0.16417910447761197	0.16417910447761197	0.0	1.0
4	RSV-NET	65+ yr	Overall	seasonal_naive	2	train_quantile_0.90	2.25	2.0	0.28855721393034833	0.28855721393034833	0.0	1.0
4	RSV-NET	65+ yr	Overall	seasonal_naive	2	train_quantile_0.90	2.25	5.0	0.6616915422885573	0.6616915422885573	0.0	1.0
4	RSV-NET	65+ yr	Overall	seasonal_naive	2	train_quantile_0.90	2.25	10.0	1.283582089552239	1.283582089552239	0.0	1.0
4	RSV-NET	65+ yr	Overall	seasonal_naive	2	train_quantile_0.95	2.65	0.5	0.1019900497512438	0.1019900497512438	0.0	1.0
4	RSV-NET	65+ yr	Overall	seasonal_naive	2	train_quantile_0.95	2.65	1.0	0.16417910447761197	0.16417910447761197	0.0	1.0
4	RSV-NET	65+ yr	Overall	seasonal_naive	2	train_quantile_0.95	2.65	2.0	0.2885572139303483	0.2885572139303483	0.0	1.0
4	RSV-NET	65+ yr	Overall	seasonal_naive	2	train_quantile_0.95	2.65	5.0	0.6616915422885572	0.6616915422885572	0.0	1.0
4	RSV-NET	65+ yr	Overall	seasonal_naive	2	train_quantile_0.95	2.65	10.0	1.2835820895522387	1.2835820895522387	0.0	1.0
4	RSV-NET	65+ yr	Overall	seasonal_naive	3	train_quantile_0.85	2.0	0.5	0.10250000000000001	0.10250000000000001	0.0	1.0
4	RSV-NET	65+ yr	Overall	seasonal_naive	3	train_quantile_0.85	2.0	1.0	0.165	0.165	0.0	1.0
4	RSV-NET	65+ yr	Overall	seasonal_naive	3	train_quantile_0.85	2.0	2.0	0.29000000000000004	0.29000000000000004	0.0	1.0
4	RSV-NET	65+ yr	Overall	seasonal_naive	3	train_quantile_0.85	2.0	5.0	0.665	0.665	0.0	1.0
4	RSV-NET	65+ yr	Overall	seasonal_naive	3	train_quantile_0.85	2.0	10.0	1.29	1.29	0.0	1.0
4	RSV-NET	65+ yr	Overall	seasonal_naive	3	train_quantile_0.90	2.25	0.5	0.10250000000000004	0.10250000000000004	0.0	1.0
4	RSV-NET	65+ yr	Overall	seasonal_naive	3	train_quantile_0.90	2.25	1.0	0.16500000000000004	0.16500000000000004	0.0	1.0
4	RSV-NET	65+ yr	Overall	seasonal_naive	3	train_quantile_0.90	2.25	2.0	0.29000000000000004	0.29000000000000004	0.0	1.0
4	RSV-NET	65+ yr	Overall	seasonal_naive	3	train_quantile_0.90	2.25	5.0	0.665	0.665	0.0	1.0
4	RSV-NET	65+ yr	Overall	seasonal_naive	3	train_quantile_0.90	2.25	10.0	1.29	1.29	0.0	1.0
4	RSV-NET	65+ yr	Overall	seasonal_naive	3	train_quantile_0.95	2.65	0.5	0.10249999999999998	0.10249999999999998	0.0	1.0
4	RSV-NET	65+ yr	Overall	seasonal_naive	3	train_quantile_0.95	2.65	1.0	0.16499999999999998	0.16499999999999998	0.0	1.0
4	RSV-NET	65+ yr	Overall	seasonal_naive	3	train_quantile_0.95	2.65	2.0	0.29	0.29	0.0	1.0
4	RSV-NET	65+ yr	Overall	seasonal_naive	3	train_quantile_0.95	2.65	5.0	0.6649999999999999	0.6649999999999999	0.0	1.0
4	RSV-NET	65+ yr	Overall	seasonal_naive	3	train_quantile_0.95	2.65	10.0	1.2899999999999998	1.2899999999999998	0.0	1.0
4	RSV-NET	65+ yr	Overall	seasonal_naive	4	train_quantile_0.85	2.0	0.5	0.1030150753768844	0.1030150753768844	0.0	1.0
4	RSV-NET	65+ yr	Overall	seasonal_naive	4	train_quantile_0.85	2.0	1.0	0.16582914572864318	0.16582914572864318	0.0	1.0
4	RSV-NET	65+ yr	Overall	seasonal_naive	4	train_quantile_0.85	2.0	2.0	0.29145728643216073	0.29145728643216073	0.0	1.0
4	RSV-NET	65+ yr	Overall	seasonal_naive	4	train_quantile_0.85	2.0	5.0	0.6683417085427135	0.6683417085427135	0.0	1.0
4	RSV-NET	65+ yr	Overall	seasonal_naive	4	train_quantile_0.85	2.0	10.0	1.2964824120603013	1.2964824120603013	0.0	1.0
4	RSV-NET	65+ yr	Overall	seasonal_naive	4	train_quantile_0.90	2.25	0.5	0.10301507537688445	0.10301507537688445	0.0	1.0
4	RSV-NET	65+ yr	Overall	seasonal_naive	4	train_quantile_0.90	2.25	1.0	0.16582914572864324	0.16582914572864324	0.0	1.0
4	RSV-NET	65+ yr	Overall	seasonal_naive	4	train_quantile_0.90	2.25	2.0	0.29145728643216084	0.29145728643216084	0.0	1.0
4	RSV-NET	65+ yr	Overall	seasonal_naive	4	train_quantile_0.90	2.25	5.0	0.6683417085427137	0.6683417085427137	0.0	1.0
4	RSV-NET	65+ yr	Overall	seasonal_naive	4	train_quantile_0.90	2.25	10.0	1.2964824120603016	1.2964824120603016	0.0	1.0
4	RSV-NET	65+ yr	Overall	seasonal_naive	4	train_quantile_0.95	2.65	0.5	0.10301507537688442	0.10301507537688442	0.0	1.0
4	RSV-NET	65+ yr	Overall	seasonal_naive	4	train_quantile_0.95	2.65	1.0	0.1658291457286432	0.1658291457286432	0.0	1.0
4	RSV-NET	65+ yr	Overall	seasonal_naive	4	train_quantile_0.95	2.65	2.0	0.2914572864321608	0.2914572864321608	0.0	1.0
4	RSV-NET	65+ yr	Overall	seasonal_naive	4	train_quantile_0.95	2.65	5.0	0.6683417085427135	0.6683417085427135	0.0	1.0
4	RSV-NET	65+ yr	Overall	seasonal_naive	4	train_quantile_0.95	2.65	10.0	1.2964824120603013	1.2964824120603013	0.0	1.0
4	RSV-NET	65+ yr	Overall	ridge_univariate	1	train_quantile_0.85	2.0	0.5	0.04207920792079206	0.1014851485148515	-0.059405940594059445	0.4146341463414632
4	RSV-NET	65+ yr	Overall	ridge_univariate	1	train_quantile_0.85	2.0	1.0	0.054455445544554434	0.1633663366336634	-0.10891089108910897	0.33333333333333315
4	RSV-NET	65+ yr	Overall	ridge_univariate	1	train_quantile_0.85	2.0	2.0	0.0792079207920792	0.28712871287128716	-0.20792079207920797	0.2758620689655172
4	RSV-NET	65+ yr	Overall	ridge_univariate	1	train_quantile_0.85	2.0	5.0	0.15346534653465344	0.6584158415841584	-0.504950495049505	0.23308270676691722
4	RSV-NET	65+ yr	Overall	ridge_univariate	1	train_quantile_0.85	2.0	10.0	0.2772277227722772	1.2772277227722773	-1.0	0.21705426356589144
4	RSV-NET	65+ yr	Overall	ridge_univariate	1	train_quantile_0.90	2.25	0.5	0.04455445544554455	0.10148514851485146	-0.05693069306930691	0.4390243902439025
4	RSV-NET	65+ yr	Overall	ridge_univariate	1	train_quantile_0.90	2.25	1.0	0.06435643564356436	0.16336633663366334	-0.09900990099009899	0.393939393939394
4	RSV-NET	65+ yr	Overall	ridge_univariate	1	train_quantile_0.90	2.25	2.0	0.10396039603960396	0.28712871287128716	-0.18316831683168322	0.3620689655172413
4	RSV-NET	65+ yr	Overall	ridge_univariate	1	train_quantile_0.90	2.25	5.0	0.22277227722772278	0.6584158415841586	-0.4356435643564358	0.33834586466165406
4	RSV-NET	65+ yr	Overall	ridge_univariate	1	train_quantile_0.90	2.25	10.0	0.42079207920792083	1.2772277227722775	-0.8564356435643566	0.32945736434108525
4	RSV-NET	65+ yr	Overall	ridge_univariate	1	train_quantile_0.95	2.65	0.5	0.03960396039603963	0.10148514851485146	-0.06188118811881183	0.39024390243902474
4	RSV-NET	65+ yr	Overall	ridge_univariate	1	train_quantile_0.95	2.65	1.0	0.05940594059405943	0.16336633663366334	-0.10396039603960391	0.3636363636363638
4	RSV-NET	65+ yr	Overall	ridge_univariate	1	train_quantile_0.95	2.65	2.0	0.09900990099009901	0.2871287128712871	-0.1881188118811881	0.3448275862068966
4	RSV-NET	65+ yr	Overall	ridge_univariate	1	train_quantile_0.95	2.65	5.0	0.2178217821782178	0.6584158415841583	-0.44059405940594054	0.3308270676691729
4	RSV-NET	65+ yr	Overall	ridge_univariate	1	train_quantile_0.95	2.65	10.0	0.4158415841584157	1.277227722772277	-0.8613861386138613	0.3255813953488372
4	RSV-NET	65+ yr	Overall	ridge_univariate	2	train_quantile_0.85	2.0	0.5	0.06467661691542291	0.10199004975124382	-0.037313432835820906	0.6341463414634146
4	RSV-NET	65+ yr	Overall	ridge_univariate	2	train_quantile_0.85	2.0	1.0	0.08955223880597017	0.16417910447761197	-0.0746268656716418	0.5454545454545455
4	RSV-NET	65+ yr	Overall	ridge_univariate	2	train_quantile_0.85	2.0	2.0	0.1393034825870647	0.2885572139303483	-0.14925373134328357	0.48275862068965525
4	RSV-NET	65+ yr	Overall	ridge_univariate	2	train_quantile_0.85	2.0	5.0	0.2885572139303483	0.6616915422885573	-0.37313432835820903	0.43609022556390975
4	RSV-NET	65+ yr	Overall	ridge_univariate	2	train_quantile_0.85	2.0	10.0	0.5373134328358209	1.283582089552239	-0.7462686567164181	0.41860465116279066
4	RSV-NET	65+ yr	Overall	ridge_univariate	2	train_quantile_0.90	2.25	0.5	0.06467661691542288	0.10199004975124382	-0.037313432835820934	0.6341463414634144
4	RSV-NET	65+ yr	Overall	ridge_univariate	2	train_quantile_0.90	2.25	1.0	0.0945273631840796	0.16417910447761197	-0.06965174129353237	0.5757575757575757
4	RSV-NET	65+ yr	Overall	ridge_univariate	2	train_quantile_0.90	2.25	2.0	0.15422885572139303	0.28855721393034833	-0.1343283582089553	0.5344827586206895
4	RSV-NET	65+ yr	Overall	ridge_univariate	2	train_quantile_0.90	2.25	5.0	0.3333333333333333	0.6616915422885573	-0.328358208955224	0.5037593984962405
4	RSV-NET	65+ yr	Overall	ridge_univariate	2	train_quantile_0.90	2.25	10.0	0.6318407960199004	1.283582089552239	-0.6517412935323386	0.49224806201550375
4	RSV-NET	65+ yr	Overall	ridge_univariate	2	train_quantile_0.95	2.65	0.5	0.05721393034825867	0.1019900497512438	-0.044776119402985134	0.5609756097560971
4	RSV-NET	65+ yr	Overall	ridge_univariate	2	train_quantile_0.95	2.65	1.0	0.0895522388059701	0.16417910447761197	-0.07462686567164187	0.5454545454545451
4	RSV-NET	65+ yr	Overall	ridge_univariate	2	train_quantile_0.95	2.65	2.0	0.15422885572139297	0.2885572139303483	-0.1343283582089553	0.5344827586206894
4	RSV-NET	65+ yr	Overall	ridge_univariate	2	train_quantile_0.95	2.65	5.0	0.34825870646766155	0.6616915422885572	-0.31343283582089565	0.526315789473684
4	RSV-NET	65+ yr	Overall	ridge_univariate	2	train_quantile_0.95	2.65	10.0	0.671641791044776	1.2835820895522387	-0.6119402985074628	0.5232558139534883
4	RSV-NET	65+ yr	Overall	ridge_univariate	3	train_quantile_0.85	2.0	0.5	0.07749999999999999	0.10250000000000001	-0.025000000000000022	0.7560975609756095
4	RSV-NET	65+ yr	Overall	ridge_univariate	3	train_quantile_0.85	2.0	1.0	0.10999999999999999	0.165	-0.05500000000000002	0.6666666666666665
4	RSV-NET	65+ yr	Overall	ridge_univariate	3	train_quantile_0.85	2.0	2.0	0.175	0.29000000000000004	-0.11500000000000005	0.6034482758620688
4	RSV-NET	65+ yr	Overall	ridge_univariate	3	train_quantile_0.85	2.0	5.0	0.37	0.665	-0.29500000000000004	0.556390977443609
4	RSV-NET	65+ yr	Overall	ridge_univariate	3	train_quantile_0.85	2.0	10.0	0.6950000000000001	1.29	-0.595	0.5387596899224807
4	RSV-NET	65+ yr	Overall	ridge_univariate	3	train_quantile_0.90	2.25	0.5	0.07750000000000004	0.10250000000000004	-0.024999999999999994	0.7560975609756099
4	RSV-NET	65+ yr	Overall	ridge_univariate	3	train_quantile_0.90	2.25	1.0	0.11500000000000005	0.16500000000000004	-0.04999999999999999	0.6969696969696971
4	RSV-NET	65+ yr	Overall	ridge_univariate	3	train_quantile_0.90	2.25	2.0	0.19000000000000006	0.29000000000000004	-0.09999999999999998	0.6551724137931035
4	RSV-NET	65+ yr	Overall	ridge_univariate	3	train_quantile_0.90	2.25	5.0	0.4150000000000001	0.665	-0.24999999999999994	0.62406015037594
4	RSV-NET	65+ yr	Overall	ridge_univariate	3	train_quantile_0.90	2.25	10.0	0.7900000000000001	1.29	-0.4999999999999999	0.6124031007751939
4	RSV-NET	65+ yr	Overall	ridge_univariate	3	train_quantile_0.95	2.65	0.5	0.050000000000000024	0.10249999999999998	-0.052499999999999956	0.4878048780487808
4	RSV-NET	65+ yr	Overall	ridge_univariate	3	train_quantile_0.95	2.65	1.0	0.09000000000000002	0.16499999999999998	-0.07499999999999996	0.5454545454545456
4	RSV-NET	65+ yr	Overall	ridge_univariate	3	train_quantile_0.95	2.65	2.0	0.17000000000000004	0.29	-0.11999999999999994	0.5862068965517243
4	RSV-NET	65+ yr	Overall	ridge_univariate	3	train_quantile_0.95	2.65	5.0	0.4100000000000001	0.6649999999999999	-0.25499999999999984	0.6165413533834588
4	RSV-NET	65+ yr	Overall	ridge_univariate	3	train_quantile_0.95	2.65	10.0	0.8100000000000002	1.2899999999999998	-0.47999999999999965	0.6279069767441863
4	RSV-NET	65+ yr	Overall	ridge_univariate	4	train_quantile_0.85	2.0	0.5	0.0879396984924623	0.1030150753768844	-0.015075376884422093	0.853658536585366
4	RSV-NET	65+ yr	Overall	ridge_univariate	4	train_quantile_0.85	2.0	1.0	0.13065326633165827	0.16582914572864318	-0.03517587939698491	0.787878787878788
4	RSV-NET	65+ yr	Overall	ridge_univariate	4	train_quantile_0.85	2.0	2.0	0.21608040201005024	0.29145728643216073	-0.07537688442211049	0.7413793103448277
4	RSV-NET	65+ yr	Overall	ridge_univariate	4	train_quantile_0.85	2.0	5.0	0.47236180904522607	0.6683417085427135	-0.1959798994974874	0.706766917293233
4	RSV-NET	65+ yr	Overall	ridge_univariate	4	train_quantile_0.85	2.0	10.0	0.8994974874371858	1.2964824120603013	-0.3969849246231155	0.6937984496124031
4	RSV-NET	65+ yr	Overall	ridge_univariate	4	train_quantile_0.90	2.25	0.5	0.07788944723618091	0.10301507537688445	-0.025125628140703543	0.7560975609756095
4	RSV-NET	65+ yr	Overall	ridge_univariate	4	train_quantile_0.90	2.25	1.0	0.1306532663316583	0.16582914572864324	-0.03517587939698494	0.7878787878787878
4	RSV-NET	65+ yr	Overall	ridge_univariate	4	train_quantile_0.90	2.25	2.0	0.2361809045226131	0.29145728643216084	-0.055276381909547756	0.8103448275862069
4	RSV-NET	65+ yr	Overall	ridge_univariate	4	train_quantile_0.90	2.25	5.0	0.5527638190954774	0.6683417085427137	-0.11557788944723624	0.8270676691729323
4	RSV-NET	65+ yr	Overall	ridge_univariate	4	train_quantile_0.90	2.25	10.0	1.0804020100502514	1.2964824120603016	-0.2160804020100502	0.8333333333333334
4	RSV-NET	65+ yr	Overall	ridge_univariate	4	train_quantile_0.95	2.65	0.5	0.07537688442211057	0.10301507537688442	-0.02763819095477385	0.7317073170731709
4	RSV-NET	65+ yr	Overall	ridge_univariate	4	train_quantile_0.95	2.65	1.0	0.13567839195979903	0.1658291457286432	-0.030150753768844185	0.8181818181818183
4	RSV-NET	65+ yr	Overall	ridge_univariate	4	train_quantile_0.95	2.65	2.0	0.25628140703517593	0.2914572864321608	-0.035175879396984855	0.8793103448275864
4	RSV-NET	65+ yr	Overall	ridge_univariate	4	train_quantile_0.95	2.65	5.0	0.6180904522613067	0.6683417085427135	-0.05025125628140681	0.9248120300751883
4	RSV-NET	65+ yr	Overall	ridge_univariate	4	train_quantile_0.95	2.65	10.0	1.221105527638191	1.2964824120603013	-0.07537688442211032	0.9418604651162792
4	RSV-NET	65+ yr	Overall	ridge_with_ed	1	train_quantile_0.85	2.0	0.5	0.05416666666666664	0.08749999999999997	-0.033333333333333326	0.619047619047619
4	RSV-NET	65+ yr	Overall	ridge_with_ed	1	train_quantile_0.85	2.0	1.0	0.05833333333333331	0.12499999999999997	-0.06666666666666665	0.4666666666666666
4	RSV-NET	65+ yr	Overall	ridge_with_ed	1	train_quantile_0.85	2.0	2.0	0.06666666666666665	0.19999999999999996	-0.1333333333333333	0.3333333333333333
4	RSV-NET	65+ yr	Overall	ridge_with_ed	1	train_quantile_0.85	2.0	5.0	0.09166666666666666	0.425	-0.3333333333333333	0.2156862745098039
4	RSV-NET	65+ yr	Overall	ridge_with_ed	1	train_quantile_0.85	2.0	10.0	0.13333333333333336	0.7999999999999999	-0.6666666666666665	0.1666666666666667
4	RSV-NET	65+ yr	Overall	ridge_with_ed	1	train_quantile_0.90	2.25	0.5	0.041666666666666706	0.08749999999999997	-0.04583333333333326	0.47619047619047683
4	RSV-NET	65+ yr	Overall	ridge_with_ed	1	train_quantile_0.90	2.25	1.0	0.050000000000000044	0.12499999999999997	-0.07499999999999993	0.40000000000000047
4	RSV-NET	65+ yr	Overall	ridge_with_ed	1	train_quantile_0.90	2.25	2.0	0.06666666666666671	0.19999999999999996	-0.13333333333333325	0.3333333333333336
4	RSV-NET	65+ yr	Overall	ridge_with_ed	1	train_quantile_0.90	2.25	5.0	0.11666666666666674	0.425	-0.30833333333333324	0.2745098039215688
4	RSV-NET	65+ yr	Overall	ridge_with_ed	1	train_quantile_0.90	2.25	10.0	0.20000000000000012	0.7999999999999999	-0.5999999999999999	0.25000000000000017
4	RSV-NET	65+ yr	Overall	ridge_with_ed	1	train_quantile_0.95	2.65	0.5	0.029166666666666688	0.0875	-0.058333333333333307	0.3333333333333336
4	RSV-NET	65+ yr	Overall	ridge_with_ed	1	train_quantile_0.95	2.65	1.0	0.05000000000000003	0.125	-0.07499999999999997	0.40000000000000024
4	RSV-NET	65+ yr	Overall	ridge_with_ed	1	train_quantile_0.95	2.65	2.0	0.0916666666666667	0.19999999999999998	-0.10833333333333328	0.45833333333333354
4	RSV-NET	65+ yr	Overall	ridge_with_ed	1	train_quantile_0.95	2.65	5.0	0.21666666666666676	0.4249999999999999	-0.20833333333333312	0.5098039215686279
4	RSV-NET	65+ yr	Overall	ridge_with_ed	1	train_quantile_0.95	2.65	10.0	0.42500000000000016	0.7999999999999998	-0.37499999999999967	0.5312500000000003
4	RSV-NET	65+ yr	Overall	ridge_with_ed	2	train_quantile_0.85	2.0	0.5	0.046218487394957986	0.08403361344537813	-0.037815126050420145	0.5500000000000002
4	RSV-NET	65+ yr	Overall	ridge_with_ed	2	train_quantile_0.85	2.0	1.0	0.0504201680672269	0.11764705882352938	-0.06722689075630248	0.42857142857142877
4	RSV-NET	65+ yr	Overall	ridge_with_ed	2	train_quantile_0.85	2.0	2.0	0.05882352941176472	0.1848739495798319	-0.12605042016806717	0.31818181818181834
4	RSV-NET	65+ yr	Overall	ridge_with_ed	2	train_quantile_0.85	2.0	5.0	0.08403361344537817	0.38655462184873945	-0.30252100840336127	0.21739130434782616
4	RSV-NET	65+ yr	Overall	ridge_with_ed	2	train_quantile_0.85	2.0	10.0	0.12605042016806728	0.722689075630252	-0.5966386554621848	0.1744186046511629
4	RSV-NET	65+ yr	Overall	ridge_with_ed	2	train_quantile_0.90	2.25	0.5	0.025210084033613467	0.08403361344537813	-0.05882352941176466	0.3000000000000003
4	RSV-NET	65+ yr	Overall	ridge_with_ed	2	train_quantile_0.90	2.25	1.0	0.03361344537815128	0.11764705882352938	-0.0840336134453781	0.285714285714286
4	RSV-NET	65+ yr	Overall	ridge_with_ed	2	train_quantile_0.90	2.25	2.0	0.05042016806722692	0.1848739495798319	-0.13445378151260495	0.27272727272727293
4	RSV-NET	65+ yr	Overall	ridge_with_ed	2	train_quantile_0.90	2.25	5.0	0.10084033613445384	0.38655462184873945	-0.2857142857142856	0.26086956521739146
4	RSV-NET	65+ yr	Overall	ridge_with_ed	2	train_quantile_0.90	2.25	10.0	0.18487394957983203	0.722689075630252	-0.5378151260504199	0.25581395348837227
4	RSV-NET	65+ yr	Overall	ridge_with_ed	2	train_quantile_0.95	2.65	0.5	0.025210084033613467	0.08403361344537816	-0.05882352941176469	0.3000000000000002
4	RSV-NET	65+ yr	Overall	ridge_with_ed	2	train_quantile_0.95	2.65	1.0	0.03361344537815128	0.11764705882352944	-0.08403361344537816	0.2857142857142858
4	RSV-NET	65+ yr	Overall	ridge_with_ed	2	train_quantile_0.95	2.65	2.0	0.05042016806722689	0.18487394957983197	-0.13445378151260506	0.2727272727272727
4	RSV-NET	65+ yr	Overall	ridge_with_ed	2	train_quantile_0.95	2.65	5.0	0.10084033613445373	0.3865546218487395	-0.2857142857142858	0.26086956521739113
4	RSV-NET	65+ yr	Overall	ridge_with_ed	2	train_quantile_0.95	2.65	10.0	0.1848739495798318	0.7226890756302522	-0.5378151260504204	0.2558139534883719
4	RSV-NET	65+ yr	Overall	ridge_with_ed	3	train_quantile_0.85	2.0	0.5	0.13135593220338984	0.0847457627118644	0.04661016949152544	1.5500000000000003
4	RSV-NET	65+ yr	Overall	ridge_with_ed	3	train_quantile_0.85	2.0	1.0	0.13559322033898308	0.11864406779661016	0.01694915254237292	1.1428571428571432
4	RSV-NET	65+ yr	Overall	ridge_with_ed	3	train_quantile_0.85	2.0	2.0	0.14406779661016952	0.18644067796610167	-0.042372881355932146	0.772727272727273
4	RSV-NET	65+ yr	Overall	ridge_with_ed	3	train_quantile_0.85	2.0	5.0	0.16949152542372886	0.38983050847457623	-0.22033898305084737	0.43478260869565233
4	RSV-NET	65+ yr	Overall	ridge_with_ed	3	train_quantile_0.85	2.0	10.0	0.21186440677966106	0.7288135593220337	-0.5169491525423726	0.2906976744186048
4	RSV-NET	65+ yr	Overall	ridge_with_ed	3	train_quantile_0.90	2.25	0.5	0.08474576271186443	0.0847457627118644	2.7755575615628914e-17	1.0000000000000002
4	RSV-NET	65+ yr	Overall	ridge_with_ed	3	train_quantile_0.90	2.25	1.0	0.09322033898305088	0.11864406779661016	-0.025423728813559282	0.785714285714286
4	RSV-NET	65+ yr	Overall	ridge_with_ed	3	train_quantile_0.90	2.25	2.0	0.11016949152542375	0.18644067796610167	-0.07627118644067792	0.5909090909090912
4	RSV-NET	65+ yr	Overall	ridge_with_ed	3	train_quantile_0.90	2.25	5.0	0.16101694915254242	0.38983050847457623	-0.22881355932203382	0.41304347826086973
4	RSV-NET	65+ yr	Overall	ridge_with_ed	3	train_quantile_0.90	2.25	10.0	0.24576271186440685	0.7288135593220337	-0.4830508474576269	0.33720930232558155
4	RSV-NET	65+ yr	Overall	ridge_with_ed	3	train_quantile_0.95	2.65	0.5	0.05932203389830508	0.08474576271186439	-0.02542372881355931	0.7000000000000001
4	RSV-NET	65+ yr	Overall	ridge_with_ed	3	train_quantile_0.95	2.65	1.0	0.09322033898305083	0.11864406779661016	-0.025423728813559324	0.7857142857142857
4	RSV-NET	65+ yr	Overall	ridge_with_ed	3	train_quantile_0.95	2.65	2.0	0.16101694915254236	0.18644067796610167	-0.02542372881355931	0.8636363636363636
4	RSV-NET	65+ yr	Overall	ridge_with_ed	3	train_quantile_0.95	2.65	5.0	0.3644067796610169	0.38983050847457623	-0.02542372881355931	0.9347826086956522
4	RSV-NET	65+ yr	Overall	ridge_with_ed	3	train_quantile_0.95	2.65	10.0	0.7033898305084746	0.7288135593220338	-0.025423728813559254	0.9651162790697675
4	RSV-NET	65+ yr	Overall	ridge_with_ed	4	train_quantile_0.85	2.0	0.5	0.19230769230769232	0.08547008547008543	0.10683760683760689	2.2500000000000013
4	RSV-NET	65+ yr	Overall	ridge_with_ed	4	train_quantile_0.85	2.0	1.0	0.20512820512820515	0.11965811965811962	0.08547008547008553	1.714285714285715
4	RSV-NET	65+ yr	Overall	ridge_with_ed	4	train_quantile_0.85	2.0	2.0	0.23076923076923078	0.18803418803418798	0.042735042735042805	1.2272727272727277
4	RSV-NET	65+ yr	Overall	ridge_with_ed	4	train_quantile_0.85	2.0	5.0	0.3076923076923077	0.3931623931623931	-0.08547008547008539	0.7826086956521741
4	RSV-NET	65+ yr	Overall	ridge_with_ed	4	train_quantile_0.85	2.0	10.0	0.435897435897436	0.7350427350427349	-0.29914529914529886	0.5930232558139538
4	RSV-NET	65+ yr	Overall	ridge_with_ed	4	train_quantile_0.90	2.25	0.5	0.1538461538461538	0.08547008547008543	0.06837606837606837	1.8000000000000003
4	RSV-NET	65+ yr	Overall	ridge_with_ed	4	train_quantile_0.90	2.25	1.0	0.17094017094017092	0.11965811965811962	0.051282051282051294	1.4285714285714288
4	RSV-NET	65+ yr	Overall	ridge_with_ed	4	train_quantile_0.90	2.25	2.0	0.20512820512820512	0.18803418803418798	0.017094017094017144	1.0909090909090913
4	RSV-NET	65+ yr	Overall	ridge_with_ed	4	train_quantile_0.90	2.25	5.0	0.3076923076923077	0.3931623931623931	-0.08547008547008539	0.7826086956521741
4	RSV-NET	65+ yr	Overall	ridge_with_ed	4	train_quantile_0.90	2.25	10.0	0.4786324786324787	0.7350427350427349	-0.25641025641025617	0.6511627906976747
4	RSV-NET	65+ yr	Overall	ridge_with_ed	4	train_quantile_0.95	2.65	0.5	0.09829059829059825	0.08547008547008544	0.012820512820512803	1.15
4	RSV-NET	65+ yr	Overall	ridge_with_ed	4	train_quantile_0.95	2.65	1.0	0.11965811965811962	0.11965811965811965	-2.7755575615628914e-17	0.9999999999999998
4	RSV-NET	65+ yr	Overall	ridge_with_ed	4	train_quantile_0.95	2.65	2.0	0.16239316239316234	0.18803418803418803	-0.02564102564102569	0.8636363636363634
4	RSV-NET	65+ yr	Overall	ridge_with_ed	4	train_quantile_0.95	2.65	5.0	0.2905982905982905	0.39316239316239315	-0.10256410256410264	0.7391304347826085
4	RSV-NET	65+ yr	Overall	ridge_with_ed	4	train_quantile_0.95	2.65	10.0	0.5042735042735041	0.735042735042735	-0.23076923076923084	0.6860465116279069
